patient_id,visit_number,trend_label,Age,SystolicBP,DiastolicBP,BS,BodyTemp,HeartRate
0,1,stable,48.0,140.0,90.0,15.0,98.0,90.0
0,2,stable,48.0,136.65372394467423,91.82613251111047,15.464074718227703,97.80010934574199,88.53614581402941
0,3,stable,48.0,137.06506607716923,91.0565942886337,15.455785025558157,97.71271189141358,89.52472718845056
0,4,stable,48.0,139.5677067559389,91.21727203053304,16.011965941535404,97.76060992464124,88.55874756572132
1,1,stable,35.0,85.0,60.0,11.0,102.0,86.0
1,2,stable,35.0,81.91467795731815,62.13760290286181,10.975366550892847,101.98106017820096,85.23452829761654
1,3,stable,35.0,85.84835423535235,61.76157403821639,10.764029563745275,101.94498281465435,85.83292738575796
1,4,stable,35.0,87.0242152074619,62.765909089772954,10.976596686552698,102.16440240412032,85.37605310702702
2,1,worsening,29.0,90.0,70.0,6.7,98.0,80.0
2,2,worsening,29.0,94.5560869711048,74.69392151875176,7.038498387968222,97.99588582281888,79.97247927042439
2,3,worsening,29.0,99.22354667822802,78.44924449070459,7.701210828417462,98.00966484267344,81.13279062950025
2,4,worsening,29.0,102.17309538284563,80.92810037844191,8.525893942345109,98.11453593117561,82.7953216389215
3,1,improving,21.0,120.0,80.0,7.0,98.0,77.0
3,2,improving,21.0,118.35617918289724,79.58946023735456,5.886319109317035,97.88528560976599,75.57190170945788
3,3,improving,21.0,113.72641372665291,76.97323118741124,6.229203216678927,97.71461515054735,75.76107299688701
3,4,improving,21.0,105.7374765732914,74.21162528790636,5.91478551994932,97.69271285052793,75.6612777366419
4,1,worsening,50.0,140.0,90.0,15.0,98.0,90.0
4,2,worsening,50.0,141.08642440259462,94.03448442259737,15.30033050251004,97.95126420530671,89.62533285097916
4,3,worsening,50.0,140.70207206297465,97.19096870843725,15.765323448019991,98.10396985322082,90.04435939155535
4,4,worsening,50.0,143.78629075158952,100.65997106395078,16.007411910789916,98.23273104930358,90.19957630909889
5,1,improving,29.0,130.0,70.0,7.7,98.0,78.0
5,2,improving,29.0,126.19761379560616,65.14336483952607,7.545552193011964,97.86994511130533,77.11471976428606
5,3,improving,29.0,125.17037712489605,64.28324107035537,7.47913319330464,97.77789200412184,75.73954042431053
5,4,improving,29.0,122.33977618885696,58.23061259666211,6.370407691175606,97.56041370502489,73.71915285259539
6,1,stable,20.0,120.0,75.0,7.01,100.0,70.0
6,2,stable,20.0,117.08651039629476,74.07978701576485,7.651039362524569,99.96349945983641,70.82908327648346
6,3,stable,20.0,114.08248132633183,73.5798794861059,7.182298392595018,99.92876428757967,71.7737215372146
6,4,stable,20.0,108.52461660770784,74.63699704885644,7.299597160816254,99.86789146270071,70.1481255021466
7,1,stable,40.0,140.0,100.0,18.0,98.0,90.0
7,2,stable,40.0,138.29629244987706,100.56618950904625,18.010781850626262,98.16410807576655,89.73092669991692
7,3,stable,40.0,135.00306409023662,101.00243515336412,18.11932823488459,98.30336178849001,90.66972283872947
7,4,stable,40.0,136.1513403695614,104.56320632434797,17.53279243372137,98.23781691611272,89.62810602376793
8,1,stable,23.0,90.0,60.0,7.5,98.0,76.0
8,2,stable,23.0,85.57034394696696,61.54556325570772,7.390355300658526,97.84931054334402,74.85832968390662
8,3,stable,23.0,86.57911309491877,63.585043214711064,8.37554250765237,98.14784635558118,75.32419094221231
8,4,stable,23.0,83.39515316993027,58.3969656285975,8.50763136798111,98.06455758233926,74.85726417767401
9,1,stable,25.0,140.0,100.0,7.5,98.0,80.0
9,2,stable,25.0,139.54698810376405,102.59393437777184,7.577487777730914,97.98374728372498,78.83576260162225
9,3,stable,25.0,134.15849090991296,101.41056270999186,7.550951462173232,98.16487813629132,78.98221161466417
9,4,stable,25.0,137.32057547892325,100.1955870656838,6.966300098016669,98.06599841225564,78.16694366984473
10,1,improving,32.0,140.0,100.0,7.9,98.0,78.0
10,2,improving,32.0,140.12384372037866,95.85613201586483,7.964918136744764,97.95747671624954,76.9245888269896
10,3,improving,32.0,137.4185874644993,92.31608154725016,7.790290128158231,97.82889909221325,74.64748996251612
10,4,improving,32.0,130.7325691804857,90.78934988539984,8.17469382626799,97.76332790424216,73.61479627321884
11,1,stable,50.0,140.0,80.0,6.7,98.0,70.0
11,2,stable,50.0,144.20222033227563,80.53384086846414,6.497248466226818,98.11334330376927,70.48198954437257
11,3,stable,50.0,149.1437030645616,80.97971978082482,5.8930953325067925,97.97317041552166,72.33789170808862
11,4,stable,50.0,154.68980833120227,80.54288141801558,5.704030672749083,98.12290070098078,71.09339857393937
12,1,worsening,55.0,120.0,90.0,12.0,98.0,70.0
12,2,worsening,55.0,124.64408048555424,90.98647955939119,12.392192944620106,98.06521759126974,71.27881237290043
12,3,worsening,55.0,131.74692335666623,93.15361056202737,13.104632479029869,97.93713291055077,72.1233708276923
12,4,worsening,55.0,131.60782467479385,92.13447947130351,13.066072093944998,97.98486365922376,74.05231465310837
13,1,stable,48.0,120.0,80.0,11.0,98.0,88.0
13,2,stable,48.0,120.09856057375542,78.82183205511953,10.83832606487699,98.10273618791098,88.60492622625559
13,3,stable,48.0,124.40180255266577,78.44586111176424,10.494947915787035,98.07980103757238,88.87753068755767
13,4,stable,48.0,124.96994892899652,75.80713347107105,10.539595582427738,98.10318386044354,91.70756670678212
14,1,stable,16.0,100.0,70.0,6.9,98.0,80.0
14,2,stable,16.0,97.25458516509227,69.30068723641223,6.177937580679338,97.93947991702936,80.35478956870716
14,3,stable,16.0,101.13456667018757,67.52654961511358,5.8551816665314265,97.71948234264852,80.17192753820402
14,4,stable,16.0,97.71611836323186,66.23822259747466,5.4225384773265795,97.70982480097467,78.19596489255719
15,1,stable,35.0,100.0,70.0,7.8,98.0,66.0
15,2,stable,35.0,106.85111299691746,66.86721235925833,7.258845893953524,98.18819847490546,69.26575154485819
15,3,stable,35.0,103.08145408219708,65.97112291875783,7.427369434438851,98.36530983874147,68.15636926875959
15,4,stable,35.0,102.29224261458629,67.86268019481587,7.641883055869595,98.32677128053474,68.00593124869135
16,1,worsening,60.0,90.0,65.0,6.8,98.0,77.0
16,2,worsening,60.0,91.71696351347161,67.51166098870729,6.920721572908041,98.13027374834853,79.03777714509157
16,3,worsening,60.0,94.79117422741271,70.31432135357937,7.341668500463185,98.21224530566678,79.12595822945738
16,4,worsening,60.0,98.38363106528871,72.02428969769153,8.769158012193744,98.45540415128943,80.45903591247314
17,1,improving,15.0,76.0,49.0,6.8,98.0,77.0
17,2,improving,15.0,69.8465821946431,49.95179922041399,6.534920417901628,97.96722952782369,74.13948589348512
17,3,improving,15.0,70.25663109520448,49.11087277630706,5.59231374117568,97.83695718463657,73.5366198438125
17,4,improving,15.0,67.85135159313192,46.45320586706768,5.1465325459874585,97.72917827443686,72.8087984706312
18,1,stable,15.0,100.0,49.0,6.0,99.0,77.0
18,2,stable,15.0,91.74146255548442,48.4236534358221,6.087091245062223,99.03032566126899,76.58190962626766
18,3,stable,15.0,86.08899536747346,49.221790902528475,6.9393660008009705,98.87317597911418,77.55298792011801
18,4,stable,15.0,85.03192528235384,49.0725655001753,6.419865778049613,98.83890972727944,79.01444212967172
19,1,stable,32.0,140.0,90.0,18.0,98.0,88.0
19,2,stable,32.0,145.5739244578472,92.86508988385259,18.21664540807315,98.17867243781458,88.49349722495629
19,3,stable,32.0,148.23807768238515,92.14342022281785,18.24947911978475,98.10721882941975,89.60594491545667
19,4,stable,32.0,144.44674166458154,94.04717546146732,18.155411870344444,98.22721735593147,90.45003953257921
20,1,stable,10.0,100.0,50.0,6.0,99.0,70.0
20,2,stable,10.0,102.35135694490108,46.17462956196932,5.966965298287609,98.87992359856692,69.41737209597152
20,3,stable,10.0,107.21391925720623,47.72599123014726,5.622112960058351,98.77606456578837,69.45422431460105
20,4,stable,10.0,103.29948818724118,46.09285227731697,5.776058462235037,98.89443048769103,70.13856777468253
21,1,stable,60.0,90.0,65.0,6.9,98.0,77.0
21,2,stable,60.0,90.97933717571281,65.175285016143,7.104213505157284,98.16558656274482,74.68059628320145
21,3,stable,60.0,89.07738961125587,66.6131843133972,6.323854681903474,98.31680291321489,75.09468694166304
21,4,stable,60.0,91.80137712572942,65.2238617456625,6.725365761942679,98.4262717119453,75.35647839422533
22,1,stable,19.0,120.0,80.0,7.0,98.0,70.0
22,2,stable,19.0,120.86986243626154,77.89915338257325,6.927209335498218,97.98437351157052,70.4309948899147
22,3,stable,19.0,124.08691923250873,75.32333344346716,6.865529868354198,98.13615402296152,69.5950849898975
22,4,stable,19.0,121.4412292379796,75.81562117139181,7.282149599587165,98.13732466392939,71.08904531798521
23,1,stable,25.0,120.0,90.0,6.9,98.0,80.0
23,2,stable,25.0,122.70865902259811,91.34837570206456,8.048464255409781,97.97898043845923,77.74772642445137
23,3,stable,25.0,127.87054363639561,90.23461931676248,8.101692476645702,98.11314867115082,75.94653517253099
23,4,stable,25.0,123.84321564441375,86.33810250576016,7.709865557556114,98.15819104113142,76.53580459651793
24,1,stable,15.0,76.0,49.0,7.9,98.0,77.0
24,2,stable,15.0,71.45425298263457,43.37864179144986,7.9268180640684545,97.95166482871471,77.5164217232408
24,3,stable,15.0,73.71287462625241,43.71503565007186,8.301867798832935,97.9751483680182,78.11229766357074
24,4,stable,15.0,71.44550221909711,43.27797292834261,8.39895714315833,98.05921449596009,77.66967077525584
25,1,stable,17.0,140.0,100.0,6.8,103.0,80.0
25,2,stable,17.0,139.1446311740485,99.71397530661055,7.209284772204572,102.79580371288915,78.5425615789176
25,3,stable,17.0,134.3755183815983,94.03540181812815,6.874629034578579,102.87258594286168,78.22230716630186
25,4,stable,17.0,135.01193216062762,96.68588128105503,7.529709495273514,102.8655025098786,79.74395019637174
26,1,stable,23.0,120.0,75.0,8.0,98.0,70.0
26,2,stable,23.0,117.30556879826183,73.55359840342561,7.2695031475020215,97.90900745505569,69.59753304001237
26,3,stable,23.0,119.89120187921901,77.74088433273033,6.587534659730954,97.9492540585499,68.42779830452083
26,4,stable,23.0,121.41859781837383,77.42190077199899,5.68416555559135,98.04436146310593,67.74768252839851
27,1,improving,32.0,120.0,90.0,7.8,98.0,70.0
27,2,improving,32.0,115.32066569360155,89.09451624870586,7.311906750510655,97.95170970708867,69.50753139292316
27,3,improving,32.0,116.99595824890652,86.31368392409664,6.188504892687046,97.97908761600165,68.23556106289408
27,4,improving,32.0,118.00819791503103,85.29988235679738,5.729081548998037,97.93285806448941,69.52947987006799
28,1,worsening,28.0,83.0,60.0,8.0,101.0,86.0
28,2,worsening,28.0,85.79734013047889,62.336508048913785,8.925737067561391,100.99532186104739,87.27374897179352
28,3,worsening,28.0,88.28822109672228,65.04706938948118,8.909272895613732,100.9144277983794,85.84271575277351
28,4,worsening,28.0,87.26699889605113,65.87764193370637,9.15933221372617,101.19486709086135,87.98535150941653
29,1,stable,54.0,140.0,100.0,15.0,98.0,66.0
29,2,stable,54.0,141.1187944716551,99.00942418891613,14.859694855959582,98.01898728712217,66.69604553492051
29,3,stable,54.0,140.02718880732326,101.59817863660969,14.296262429359755,98.01963674712697,69.61623859465139
29,4,stable,54.0,140.74497516261067,105.085733351072,14.34141849375141,98.07913947380185,69.55240537014856
30,1,stable,60.0,120.0,85.0,15.0,98.0,60.0
30,2,stable,60.0,117.49192005525992,86.04708648018473,14.579851471945469,98.0681916293078,61.220032964783556
30,3,stable,60.0,118.67127968604949,85.35053469702912,14.803838130844476,98.03656695160655,62.271734798952956
30,4,stable,60.0,112.77850662306402,84.5338746273079,13.821571307965673,97.88339252951126,63.80493004867006
31,1,improving,21.0,90.0,65.0,7.5,98.0,76.0
31,2,improving,21.0,82.5914135263979,55.83947292214255,6.837119191886958,98.16601741416623,75.58955260410333
31,3,improving,21.0,78.21682341584493,55.024485989663155,5.672222121734144,98.0535926428562,74.80205531353123
31,4,improving,21.0,75.36568619556932,55.00211379520367,5.447550034162183,98.0401021642927,73.12889121891577
32,1,stable,15.0,120.0,80.0,6.8,98.0,70.0
32,2,stable,15.0,125.24130385335823,77.63925810449297,6.36201088120943,98.13685596573934,69.78489932117057
32,3,stable,15.0,129.75827087433316,76.56240080140707,7.079930503377604,98.15032716610504,70.07518905616266
32,4,stable,15.0,134.79294247924702,75.6820759593488,6.6155807740363,98.10437013081375,70.5836834254997
33,1,worsening,21.0,120.0,80.0,6.9,98.0,88.0
33,2,worsening,21.0,124.62523843672726,80.63566850502536,7.861050947305899,97.8366622307699,88.01510217773003
33,3,worsening,21.0,121.77291874214376,80.57184226083527,8.377969399998186,97.90026272178433,88.62959160075047
33,4,worsening,21.0,123.83481979228878,83.01346657658168,8.275077697578833,98.0546449504286,90.2738577653937
34,1,stable,50.0,140.0,80.0,6.7,98.0,70.0
34,2,stable,50.0,141.79071441793354,80.72129746901578,7.70410535615374,97.9910768852684,69.65479025569712
34,3,stable,50.0,139.36614726921755,78.20941070904843,7.090082860828622,97.90001636648448,69.57533441109034
34,4,stable,50.0,140.44178273055917,78.3338587428834,6.712367684004157,97.99224355054622,70.40655033009641
35,1,worsening,40.0,120.0,90.0,6.9,98.0,80.0
35,2,worsening,40.0,124.33873175246588,92.40411461572528,6.580213950143941,98.0749980863554,81.19389497451225
35,3,worsening,40.0,124.0179515839393,94.81277917735058,6.2571244752366395,98.29385812518582,83.49611225138467
35,4,worsening,40.0,125.77954401976086,97.64390504322019,5.462788828122687,98.25734901075877,84.0651842133198
36,1,stable,23.0,130.0,70.0,6.9,98.0,70.0
36,2,stable,23.0,132.29865805591754,74.86018031486716,6.319458188399016,97.91419882699542,70.26468092740986
36,3,stable,23.0,137.48262130855042,71.88567979391507,6.442332634222948,98.10079752137345,68.40784434648133
36,4,stable,23.0,133.36062445652155,70.8548841868163,6.185474263078187,98.18405148009475,68.67950780806706
37,1,stable,29.0,130.0,70.0,6.1,98.0,78.0
37,2,stable,29.0,131.65839600773086,68.59462874531455,6.728812374939318,97.93570137330578,77.28434448391255
37,3,stable,29.0,133.39955314768076,70.4511183621849,6.949904642629925,97.76300579480107,77.8891796567399
37,4,stable,29.0,130.07154049212164,71.02363441500732,6.247433940269366,97.80873312283752,76.98243586585141
38,1,stable,23.0,120.0,80.0,7.5,98.0,70.0
38,2,stable,23.0,122.29680359169649,80.58801281100158,7.197063789296725,98.14867855344852,69.50463750314483
38,3,stable,23.0,122.40011395957272,81.24238126590554,6.891320559974447,98.19694818101858,68.90495332189509
38,4,stable,23.0,121.07561731311336,84.5582078505993,6.3778953052357545,97.94975005679453,70.71589939427278
39,1,stable,22.0,100.0,65.0,7.9,98.0,80.0
39,2,stable,22.0,98.69599657264477,60.28693813202451,7.746807177372983,97.9706754173169,79.78649578784575
39,3,stable,22.0,95.11353437672005,61.6972303007448,8.005599164944202,97.81756812391198,80.57250267638507
39,4,stable,22.0,101.71829935629556,62.11567503830994,7.839162898720344,97.80301937789257,81.26414786741086
40,1,stable,23.0,90.0,60.0,6.4,98.0,76.0
40,2,stable,23.0,85.91110321160285,55.78861929658705,6.481110388082763,97.95999554760664,78.07724539197717
40,3,stable,23.0,85.3506811386838,59.8472227188531,5.936524625515647,98.02016238609006,78.43630142894207
40,4,stable,23.0,82.5544153313252,60.27889477706745,6.534781531970088,97.98698874781354,76.53426980162749
41,1,stable,30.0,140.0,100.0,15.0,98.0,70.0
41,2,stable,30.0,137.09634332317492,99.16695459815162,14.959744586876784,97.82524972415736,68.18374639544767
41,3,stable,30.0,138.6474523248472,97.89498166963234,13.694299490952716,97.90565985149921,68.48993275784152
41,4,stable,30.0,136.35047276925698,94.6906341071746,14.10668718444688,97.94145209395344,71.16835175202011
42,1,stable,20.0,120.0,76.0,7.5,98.0,70.0
42,2,stable,20.0,121.24748227438742,75.59380100679826,7.90299728856588,98.06404225334896,71.4071354093779
42,3,stable,20.0,119.57006202415421,74.53428941381722,7.666607739640362,98.14506276715316,73.09154349982991
42,4,stable,20.0,118.09368661973595,73.50065375766377,7.8215734710026386,98.11988360723093,74.16180126235264
43,1,stable,50.0,140.0,95.0,17.0,98.0,60.0
43,2,stable,50.0,137.3399754027825,93.09608417888462,15.85513612846586,97.90127173500855,58.97122086168778
43,3,stable,50.0,136.69289658110355,95.80435249783075,15.73422318045908,97.795661118572,58.90719501645977
43,4,stable,50.0,140.0687410254962,93.42947437974463,15.284945448351058,97.85288649182705,58.65815364493825
44,1,stable,19.0,120.0,80.0,7.0,98.0,70.0
44,2,stable,19.0,119.95608977835084,81.70741389553491,6.4892923626137,97.99876188355464,69.76315134907101
44,3,stable,19.0,116.043812022563,77.90287880123195,6.827641000165229,97.9628055349952,68.61394783170768
44,4,stable,19.0,115.73434453000999,80.64777669740707,5.702324735907243,97.80946945543477,67.57647859338498
45,1,worsening,32.0,140.0,100.0,8.0,98.0,70.0
45,2,worsening,32.0,143.48335602151258,103.81387754996442,7.832164570981076,97.96726238689175,71.40273850333999
45,3,worsening,32.0,146.24495865108764,107.09587086263778,8.1342877608003,98.07772213468024,72.47981476333749
45,4,worsening,32.0,151.3216181916401,111.00633177692676,7.729762842791479,97.92944420504755,74.50525943398861
46,1,stable,60.0,120.0,80.0,6.8,98.0,77.0
46,2,stable,60.0,116.71602060914381,75.47431475865987,6.848863789862314,98.09536776330619,79.02077843528949
46,3,stable,60.0,118.37727119228147,74.5697869914301,6.408193058407689,98.09654098980536,78.68435792860276
46,4,stable,60.0,115.11116605943577,79.5551868712214,7.2889953134181145,98.21293331114607,77.64917752345752
47,1,worsening,23.0,120.0,90.0,6.1,98.0,60.0
47,2,worsening,23.0,123.99804251331734,94.98761332110381,6.808212254900767,98.15778006211868,61.61530823260318
47,3,worsening,23.0,127.66867839112763,92.59411422043156,7.244190976378559,98.18275908307248,61.07589166926469
47,4,worsening,23.0,135.65422689811166,98.74811948852278,8.30955062065513,98.29086953720667,63.49353191714866
48,1,worsening,60.0,120.0,85.0,15.0,98.0,60.0
48,2,worsening,60.0,123.22662288384333,84.2858728006891,15.590595620562551,98.08814966903073,59.434940112759044
48,3,worsening,60.0,125.63598775764407,86.03856407173083,16.872232540895887,98.2617279892264,60.34713216956921
48,4,worsening,60.0,129.01058919708697,88.09285311617865,17.166834836128547,98.23279229519356,61.07665173306767
49,1,improving,23.0,120.0,85.0,8.0,98.0,70.0
49,2,improving,23.0,119.07082086977918,84.00539182680147,6.723718274185906,97.90546760154031,70.21999907957401
49,3,improving,23.0,119.904904953599,84.55493855722689,6.3481979799426735,97.7369267219067,68.10242588862413
49,4,improving,23.0,118.43961553830646,83.53116724256674,6.588647195568626,97.76766072861231,67.05445453448026
50,1,stable,60.0,120.0,85.0,15.0,98.0,60.0
50,2,stable,60.0,118.97323549632486,85.52860592332667,14.900292107998212,97.94079264585935,60.28428223068421
50,3,stable,60.0,117.3516898276371,84.00028282779984,15.05396296530525,97.89960704330528,60.55869388417488
50,4,stable,60.0,118.2307571849197,81.22761972242705,14.816518550194388,98.04691252240086,59.252334084944366
51,1,stable,17.0,85.0,60.0,7.5,102.0,86.0
51,2,stable,17.0,79.00928550962006,60.07083554551901,7.515254587846377,101.98795033991416,87.36493997507505
51,3,stable,17.0,70.40911382461711,61.03429289542845,8.28566834131166,101.87240509692481,86.93797783259579
51,4,stable,17.0,67.9865919997616,58.85800961404838,8.124690637799235,102.01865615839144,89.00348889461512
52,1,worsening,32.0,120.0,90.0,6.8,98.0,70.0
52,2,worsening,32.0,128.7038620765663,92.03327462021167,8.059991389219826,98.07240412479861,71.04665515687802
52,3,worsening,32.0,132.45391873367862,101.71533536106558,8.874735844869624,98.0819052111392,73.0352864659485
52,4,worsening,32.0,133.86377613494014,102.47029088746906,9.717759914173111,98.16705295365563,74.247775112118
53,1,improving,19.0,120.0,80.0,7.0,98.0,70.0
53,2,improving,19.0,118.79328190708927,73.33992093612883,6.934166942327496,97.8174256262512,67.47930376842129
53,3,improving,19.0,116.03123874343878,71.59757503045665,6.197270862327262,97.82060495298408,65.0711625959878
53,4,improving,19.0,112.14774961854941,68.22765078257876,5.779564624690258,97.76721270270338,63.038807111857956
54,1,stable,12.0,95.0,60.0,7.2,98.0,77.0
54,2,stable,12.0,95.20271782551498,55.39617688431592,6.233630801809298,97.99873784361351,76.75159804665975
54,3,stable,12.0,94.86995096146654,55.32808494989552,6.344922047525807,98.09582799433018,75.50254171326702
54,4,stable,12.0,91.09898902530495,52.6676131521055,6.487473557880184,98.22337738322979,75.01764847165661
55,1,improving,50.0,120.0,80.0,7.0,98.0,70.0
55,2,improving,50.0,111.94309671793955,76.02620201286987,6.330096441091802,97.87619618820584,69.14404565228713
55,3,improving,50.0,108.36591692826386,76.63293989491379,5.601829365689001,97.70588566462493,68.78305134645056
55,4,improving,50.0,100.85070291152394,75.6345041262983,5.2577090419085195,97.60881673409874,69.66919743696268
56,1,stable,19.0,90.0,65.0,7.5,101.0,70.0
56,2,stable,19.0,96.62926134494398,64.45143974616525,6.869919967713093,101.00716351548746,68.79013144246636
56,3,stable,19.0,94.21039496237667,65.41757241568898,7.1440442217377615,100.94342017073117,69.90012983148101
56,4,stable,19.0,97.93481774083808,68.91263958072518,7.405256845873289,101.08310840335655,67.78581714475261
57,1,improving,32.0,140.0,90.0,18.0,98.0,88.0
57,2,improving,32.0,137.80952594724786,86.66274366606761,17.52329763125006,98.11087275415818,86.90988271914296
57,3,improving,32.0,136.56685549333,84.15084070138364,17.16593450040974,98.02952627402263,86.51454376209644
57,4,improving,32.0,137.74227716727324,86.21287183330871,16.923981003381183,98.00796458672677,84.32146580089129
58,1,worsening,23.0,120.0,90.0,7.9,98.0,70.0
58,2,worsening,23.0,125.59959419642226,94.05393383354487,8.399128335904958,98.17277719739508,71.45102440954929
58,3,worsening,23.0,132.03582422644504,96.70475800960271,8.61834682817477,98.28914826712358,69.0559018636473
58,4,worsening,23.0,135.84190375410307,89.77348880215084,8.162709897385405,98.41739651506747,70.49204538933094
59,1,worsening,12.0,90.0,60.0,7.5,102.0,66.0
59,2,worsening,12.0,96.98398109521013,60.768874581705965,9.00137716412106,102.08176621499533,67.3580223041542
59,3,worsening,12.0,104.76057006411457,63.034416824968254,8.9015406252974,102.15248714924581,68.21731583292068
59,4,worsening,12.0,102.94344472838353,64.35858387484586,8.93006305147601,102.32915387584488,69.1555505995165
60,1,improving,48.0,120.0,80.0,11.0,98.0,88.0
60,2,improving,48.0,117.08424880917364,78.59623697980757,10.90961610915147,97.81561293360727,85.9297664026828
60,3,improving,48.0,118.06459144800736,75.64616135980415,9.815826015233785,97.77912024963425,85.55134121939105
60,4,improving,48.0,110.56523005359676,74.25787389568028,9.784042707068558,97.73551459294274,85.36246203106079
61,1,stable,40.0,140.0,100.0,18.0,98.0,90.0
61,2,stable,40.0,141.06516218600646,99.26361129896056,17.761791290946046,98.08919158985285,91.66293677118897
61,3,stable,40.0,146.83876729407748,102.46303774192955,17.707648435560863,98.12532905398848,92.52496605735406
61,4,stable,40.0,147.22867216641262,102.78123662837095,18.11408830716415,98.11925533119292,91.7051330551003
62,1,stable,10.0,100.0,50.0,6.0,99.0,70.0
62,2,stable,10.0,102.03968416969481,50.00728381326594,6.167859634113426,99.06865205656332,69.57861935190475
62,3,stable,10.0,104.47300512782617,50.92915161577595,5.558602742603608,99.21642143049687,69.01570365142841
62,4,stable,10.0,99.14753343749148,48.38616373825485,5.054818965706683,99.22176677683501,68.70785269327598
63,1,improving,32.0,140.0,90.0,18.0,98.0,88.0
63,2,improving,32.0,138.51949269987188,88.82236083815165,17.80748932468955,97.98116232771088,84.7310039441297
63,3,improving,32.0,134.77277020856016,81.57037893831013,17.43056122177876,97.89872475190965,85.00702076542633
63,4,improving,32.0,136.02003127610908,80.11710401926528,16.78896294568923,97.86646836229399,83.51423288036335
64,1,stable,40.0,120.0,95.0,11.0,98.0,80.0
64,2,stable,40.0,123.17301420755547,93.64273067406795,11.397521915262901,98.06940223506507,78.92666411130583
64,3,stable,40.0,126.30663767556896,95.34260765684716,11.447812157537841,97.99129942294383,77.96078166554871
64,4,stable,40.0,124.57664257647147,96.66294586844957,10.976306611386091,98.03612414477924,76.56485351637922
65,1,stable,23.0,90.0,60.0,7.8,98.0,76.0
65,2,stable,23.0,90.35280506062503,65.94992942477757,7.120432327933124,98.15081324851761,76.16844639605775
65,3,stable,23.0,91.67580099452734,66.237914804064,7.339860581242609,98.13506765036577,77.80302706141208
65,4,stable,23.0,90.20704926005311,68.99307113403408,7.0219297844172734,98.12889462946515,76.59797287256616
66,1,stable,22.0,120.0,85.0,7.5,98.0,88.0
66,2,stable,22.0,124.64986951009686,84.81176306241426,7.4028565780144815,97.88580343640626,87.74223906232127
66,3,stable,22.0,119.52485917543513,82.59038453768171,7.514752834180545,98.0209411379735,90.90023306914881
66,4,stable,22.0,117.63744992292288,86.08301443007002,7.635020330598779,98.00544526622349,91.38653714293419
67,1,improving,55.0,120.0,90.0,18.0,98.0,60.0
67,2,improving,55.0,117.78111390627299,87.05966692408363,16.91545249016076,97.75988707031424,59.83502421072574
67,3,improving,55.0,114.31669968243892,83.6624528982963,16.52492909303974,97.75936786118557,59.13845601025949
67,4,improving,55.0,109.6316648434605,84.69978541227991,16.909379292416464,97.72807407911473,59.33368105925749
68,1,improving,20.0,120.0,75.0,7.01,100.0,70.0
68,2,improving,20.0,119.40184136607418,74.50930185019925,6.871680500910662,99.80561085144996,69.88839724351736
68,3,improving,20.0,112.4652462507933,70.62903631997561,7.120139552031554,99.80973155346602,70.6611408310818
68,4,improving,20.0,109.01700285195668,65.87847412651794,6.606787742581783,99.73822212018796,69.85061096161634
69,1,improving,15.0,80.0,60.0,7.0,98.0,80.0
69,2,improving,15.0,76.26347038033637,58.909929893551094,6.117491198720414,97.96417373275426,79.10416891186857
69,3,improving,15.0,71.2767564171071,56.38936401958031,5.631898794188177,97.85453244580836,80.19610895239768
69,4,improving,15.0,68.3858965217629,53.849168686867124,4.202296223202266,97.68095473793034,79.00104753868042
70,1,stable,19.0,120.0,90.0,6.8,98.0,60.0
70,2,stable,19.0,124.44581316910312,89.59864380835906,7.4357185120112135,98.00632186428149,60.04184993228135
70,3,stable,19.0,124.16009973848881,89.60788152900638,8.283772125793359,97.76866930501929,57.79179830655111
70,4,stable,19.0,122.41238115797604,89.64323337822991,8.624269712922539,97.81713880986715,57.35984558033471
71,1,improving,12.0,95.0,60.0,6.9,98.0,65.0
71,2,improving,12.0,93.01813074035118,60.39580759276068,6.639803124108489,97.86051110991362,64.88513008600022
71,3,improving,12.0,90.79994414795213,58.452364395761315,6.971838478988106,97.52744743148178,62.39210493966605
71,4,improving,12.0,84.40630202580522,55.621709851813236,6.451494710297087,97.29105352326228,60.38530707159492
72,1,stable,42.0,120.0,80.0,7.5,98.0,70.0
72,2,stable,42.0,127.90706256735103,84.3843218130618,7.296842799158387,97.96274956894712,68.70811430148234
72,3,stable,42.0,121.76741959213615,84.09990797043226,6.804502538156809,97.95405632323495,66.90923172178238
72,4,stable,42.0,119.31567358052565,84.46157408847041,6.985190387639325,97.99682784445231,65.42479480905287
73,1,stable,19.0,120.0,80.0,7.0,98.0,70.0
73,2,stable,19.0,117.42522099764555,81.53998343827814,6.994750875970718,97.85898409249447,69.64454414233505
73,3,stable,19.0,118.60082352293018,83.0315607929747,6.925187434306571,98.0159204134801,70.77714441115118
73,4,stable,19.0,117.7750075137664,84.85689178863568,7.879321319099252,98.21677919439408,69.39667976980166
74,1,stable,37.0,120.0,90.0,11.0,98.0,88.0
74,2,stable,37.0,124.77790780679665,87.42480064842862,10.347458082276606,97.95018764220809,88.47240078996732
74,3,stable,37.0,124.44843387981945,85.84173250967815,10.014801591183794,97.87720611799686,87.48369389915158
74,4,stable,37.0,131.78986671370487,86.56568983367629,10.452328590801304,97.82709835179476,87.27464940192715
75,1,stable,60.0,120.0,85.0,15.0,98.0,60.0
75,2,stable,60.0,111.46780411969492,81.64678055664967,14.10664057551121,97.7695014657198,58.656228861656636
75,3,stable,60.0,115.73101106456852,81.53865049973521,14.743404855434477,97.81160812615478,59.535947830319905
75,4,stable,60.0,112.8322647994929,82.81362197959325,15.10295252605527,97.7525285128341,60.164959045309494
76,1,stable,60.0,120.0,85.0,15.0,98.0,60.0
76,2,stable,60.0,118.2317472294102,82.26787838026527,14.415750971310555,98.0088628075353,60.36761042756261
76,3,stable,60.0,115.68169844138072,82.3325706032717,14.697253997811826,98.07219869564705,62.11216730162961
76,4,stable,60.0,119.79054044795859,79.89604861667115,15.5279355896125,98.01779822070507,63.28676837026706
77,1,stable,54.0,140.0,100.0,15.0,98.0,66.0
77,2,stable,54.0,138.67385896758213,95.60118762643872,14.915350054760708,97.84023551345618,67.08739619078055
77,3,stable,54.0,143.55432485068795,93.66200080903079,15.06434244710275,97.76591651256341,66.38088069258617
77,4,stable,54.0,146.04635628363948,93.56822259498142,15.922684952201264,97.71651004043366,67.50429160926554
78,1,worsening,23.0,90.0,60.0,6.8,98.0,76.0
78,2,worsening,23.0,95.1346109152823,60.858599302455296,7.170267739093952,98.07012963049205,75.95946614255341
78,3,worsening,23.0,99.83903707020806,64.38760541649884,7.857847754698325,98.30956026519137,78.48808280840383
78,4,worsening,23.0,101.2067045162892,67.24208681102064,7.944883190964899,98.39391601324863,78.71319586355902
79,1,stable,27.0,120.0,70.0,6.8,98.0,77.0
79,2,stable,27.0,121.17024328021557,69.46945240220093,7.3889315139642155,97.77761255310526,74.73583250317616
79,3,stable,27.0,123.73095148708576,69.61659508065966,7.512501741721239,97.64171844599765,74.70971416487893
79,4,stable,27.0,130.17748805088158,71.62218549048863,7.596234966821074,97.59673577533349,74.26615233808354
80,1,stable,50.0,120.0,80.0,7.5,98.0,70.0
80,2,stable,50.0,120.82898956458972,82.05738121362344,6.722589277964482,97.93223543270291,68.698828050911
80,3,stable,50.0,117.72285402964754,82.18752230478607,5.694145061535731,97.99516967424228,69.54627949206953
80,4,stable,50.0,116.91490074196147,76.15101721826542,5.202512019130003,98.12148496351894,66.42337782220258
81,1,stable,35.0,100.0,70.0,6.8,98.0,60.0
81,2,stable,35.0,96.20320317728235,71.95782483045966,6.466898713450937,98.04138655928124,60.63566627891102
81,3,stable,35.0,102.11148439310905,71.46399007706802,6.652439040270024,97.88923722181232,61.97387799893922
81,4,stable,35.0,99.66445416169117,70.09946242290022,6.641461976229764,97.7291140338061,62.23105142449801
82,1,stable,32.0,120.0,90.0,7.5,98.0,70.0
82,2,stable,32.0,120.94255040387833,86.13360933397817,7.438912482704583,98.0760235611113,67.8888458144384
82,3,stable,32.0,117.48435930698048,88.26657251901123,7.572177594966735,98.11823154873035,69.97920988758285
82,4,stable,32.0,118.9919851773792,89.86746367787036,8.909659689295701,98.09632649378895,69.082264407116
83,1,stable,21.0,75.0,50.0,6.1,98.0,70.0
83,2,stable,21.0,76.41250732711407,48.71830159414746,5.590615214881442,98.23665196581328,70.36742336963782
83,3,stable,21.0,74.05628955152798,50.947107560812064,5.536762986986814,98.21074334148496,70.99950634504341
83,4,stable,21.0,69.89950035201691,51.8051833490492,6.48061506639141,98.25850493924547,70.57658488142492
84,1,stable,48.0,120.0,80.0,11.0,98.0,88.0
84,2,stable,48.0,118.67968094982577,79.38201244053805,10.813590221726482,98.09387944129642,86.05160088334652
84,3,stable,48.0,121.45327153748491,78.45809105635225,10.999576294119587,97.97841542915508,87.54519077519217
84,4,stable,48.0,125.46125436711473,80.79313891318547,10.252196147373716,98.06336189978683,88.00031144912678
85,1,stable,16.0,90.0,65.0,6.9,98.0,76.0
85,2,stable,16.0,89.92182019606697,65.88705073103297,7.174367591634742,98.01816107204019,76.32738983096533
85,3,stable,16.0,94.66334507819003,68.87045644098829,5.759762411754007,97.98563833704175,76.14229622856689
85,4,stable,16.0,89.02575363298874,69.09963955855133,6.3758996123812715,97.8743155061608,76.52046369293758
86,1,stable,60.0,120.0,80.0,7.5,98.0,75.0
86,2,stable,60.0,117.83804088674712,83.59505929518346,7.2323019212790625,98.04735535133956,72.89645708780957
86,3,stable,60.0,123.8302754081344,85.06154136790227,7.142256482003523,98.106322185515,71.31159873175949
86,4,stable,60.0,127.63521269714569,84.27316347611536,7.041568564367906,98.05595027878744,70.65885540257985
87,1,stable,29.0,130.0,70.0,7.5,98.0,78.0
87,2,stable,29.0,130.82341158846478,71.5859505277927,7.4956606993928325,98.0525791880115,77.52914825962776
87,3,stable,29.0,137.99784649178127,67.77058088803115,8.117807291687384,98.19272628370673,76.57118798713799
87,4,stable,29.0,145.17080698128325,70.19298647594874,8.596967367647347,98.19559725873113,76.32699168445087
88,1,stable,15.0,76.0,49.0,6.8,98.0,77.0
88,2,stable,15.0,77.25657995684205,52.409617874232936,6.8894604518948555,97.90661928436364,77.92678543928835
88,3,stable,15.0,80.22049514315121,54.00265291140419,7.257289681458196,97.87886171160991,76.88245577977605
88,4,stable,15.0,77.4269765971355,50.02295026661624,7.374200148352528,97.87031208012546,76.38784052922327
89,1,stable,23.0,90.0,60.0,7.8,98.0,76.0
89,2,stable,23.0,85.98660349020571,62.72743059740481,7.47207346997927,98.0369439294514,74.43665126251075
89,3,stable,23.0,90.61581433813699,62.37695665053826,7.615179428481718,98.27522853188343,76.14136799113622
89,4,stable,23.0,89.62940195765611,60.9334268488773,7.4545554896303665,98.32746946279319,76.02307954582086
90,1,stable,35.0,140.0,90.0,13.0,98.0,70.0
90,2,stable,35.0,144.72083511527748,89.72208399742533,14.134617471603,98.009296905839,72.00697814003648
90,3,stable,35.0,145.8705540591965,92.06533245855765,13.777094311635878,97.92182616693368,72.52375979956804
90,4,stable,35.0,149.05134502016085,92.16329180287934,13.142387720898048,97.782462747771,70.91943444712474
91,1,stable,15.0,76.0,49.0,7.8,98.0,77.0
91,2,stable,15.0,76.3522825344427,51.737658748948284,7.793380649488085,97.76841228319901,76.78555529640359
91,3,stable,15.0,75.82845685192137,56.83801901544152,7.0744286682234785,97.7283859412644,78.7032014994845
91,4,stable,15.0,77.27631719904379,58.208773467203635,7.130964640069374,97.76218985735672,79.57735668312095
92,1,worsening,23.0,90.0,60.0,7.5,98.0,76.0
92,2,worsening,23.0,88.15629271300602,62.74574742661201,7.982910881983469,98.01882144156423,76.87382377585783
92,3,worsening,23.0,88.72729147573106,62.08459500382069,8.203157409836939,97.98767669975494,78.13602438579558
92,4,worsening,23.0,87.60084858168165,65.76380880635031,8.014935602369945,98.01162063603022,78.33319768927342
93,1,improving,34.0,85.0,60.0,11.0,102.0,86.0
93,2,improving,34.0,83.4886504529277,57.538067765445696,10.851348144304726,101.70214756569175,85.05218548746618
93,3,improving,34.0,87.34179877996046,55.913413480626616,10.490136434131832,101.67634240170744,85.15966078936496
93,4,improving,34.0,78.34060755615536,49.87297125477646,10.199174102506595,101.52113778579954,85.73525756344517
94,1,stable,60.0,90.0,65.0,6.8,98.0,77.0
94,2,stable,60.0,83.77541075833366,61.914441004253476,5.443309597107219,97.97601298679893,76.78822666781873
94,3,stable,60.0,82.40965007641667,64.53976307681093,6.034659395509026,97.95855607283822,74.38849587461152
94,4,stable,60.0,84.39582905723009,65.89116523903601,6.18731322489517,98.05911224443939,73.07904623579077
95,1,worsening,22.0,120.0,90.0,7.5,98.0,82.0
95,2,worsening,22.0,124.98481424335836,87.84074636367819,7.435727391229586,98.23732039636668,82.60603322859782
95,3,worsening,22.0,130.26146579333343,90.36405228749176,7.778661101467257,98.4590147357013,83.23931714476845
95,4,worsening,22.0,127.10582098473263,90.35616791435056,8.445339225620947,98.58149899371568,82.37702325627374
96,1,improving,35.0,100.0,70.0,7.9,98.0,60.0
96,2,improving,35.0,95.55414256984933,67.16397025094274,6.826404033746373,97.85365818259677,58.28160184845984
96,3,improving,35.0,95.4625473515568,67.18616586157846,6.359741066078961,97.73152936806596,57.53957315442272
96,4,improving,35.0,90.26101923083439,62.448784698372556,5.5011157603321434,97.58452753860017,55.33232037112931
97,1,improving,30.0,120.0,80.0,6.9,101.0,76.0
97,2,improving,30.0,112.31921926716174,78.11444413669852,6.396763584100151,100.95302589653296,75.0861292069527
97,3,improving,30.0,105.06798796133374,73.09586841817745,6.016561104885979,100.97646533422001,71.69770942523401
97,4,improving,30.0,103.60630767270307,74.04396659548159,5.546338049250805,100.95087267100631,70.00802382176687
98,1,improving,22.0,100.0,65.0,6.8,98.0,88.0
98,2,improving,22.0,92.21041466911063,57.34861963884826,6.870440659554376,97.81712077464054,86.58858960548423
98,3,improving,22.0,85.17526931009236,51.9709247988344,6.389949048084072,97.66041002546903,86.1141627557828
98,4,improving,22.0,84.05726917745827,50.80497017920531,6.112954626304409,97.74009520810901,84.01469417859992
99,1,stable,13.0,90.0,65.0,7.9,101.0,80.0
99,2,stable,13.0,93.64456802923434,68.0771051739668,7.198501683661354,100.96799804844282,81.5267413138997
99,3,stable,13.0,95.27937468996788,68.55225422029487,7.091096035748283,100.92867624707773,81.85074478635329
99,4,stable,13.0,94.46733007663984,68.44864427923274,7.12987664462903,100.85920535170254,82.44894173794808
100,1,improving,28.0,115.0,60.0,7.5,101.0,86.0
100,2,improving,28.0,113.46845208173816,56.20346551479931,7.390170411120334,100.92280707161093,85.95711877786552
100,3,improving,28.0,114.67669041735184,54.724995554184005,7.55400504099452,100.60066231131823,86.84571124842479
100,4,improving,28.0,113.3094009197607,55.401093863784354,6.55739816131181,100.4335840031083,86.11044321436836
101,1,worsening,18.0,90.0,60.0,7.5,98.0,70.0
101,2,worsening,18.0,93.4849056447938,64.58574044826004,7.023760206984511,98.18173421824623,70.90863575344325
101,3,worsening,18.0,95.40331042607654,62.95266243457953,7.666684540712607,98.01636299569633,72.53685799554822
101,4,worsening,18.0,93.17637525360868,65.02944937263005,8.002606699466293,98.21814934539324,73.23534712625327
102,1,stable,23.0,90.0,60.0,7.5,98.0,76.0
102,2,stable,23.0,88.36994386652684,63.097406759885665,7.764608974291436,97.96049080521128,75.73419710585308
102,3,stable,23.0,83.32735990662498,64.04271189347308,6.896315741035841,98.03751508867815,75.87878796723764
102,4,stable,23.0,91.00766925385639,61.36566465507732,6.8456622558029,98.22175620701988,77.21809695103889
103,1,worsening,60.0,120.0,85.0,15.0,98.0,60.0
103,2,worsening,60.0,122.58053101644025,87.63280916344193,15.04999108227417,98.07281171067447,59.102863849403136
103,3,worsening,60.0,125.58940509151782,90.67458377057378,15.332502397135592,97.98930678122983,61.11345443263653
103,4,worsening,60.0,129.33640682652464,90.85461711074906,15.588774184797424,97.9175206514075,60.86005806341941
104,1,stable,17.0,90.0,65.0,7.7,103.0,67.0
104,2,stable,17.0,93.95259420344097,63.44384559636815,8.015881478840146,102.94484754625982,67.27873198198978
104,3,stable,17.0,93.49763688215556,65.56832357758535,7.752005515003198,102.78373630512989,65.72520432800748
104,4,stable,17.0,91.78625599501751,62.52888672475882,7.954404161553027,102.73601666186181,68.39463486348349
105,1,improving,22.0,120.0,90.0,7.0,98.0,82.0
105,2,improving,22.0,118.08111681486346,85.30855875000108,6.361835658798235,97.9325260286841,78.48659194395839
105,3,improving,22.0,116.26903596759976,87.99235109367353,5.743389086229516,97.87718137803087,78.73943923595007
105,4,improving,22.0,113.1673976865606,84.63195096250102,4.225820459610775,97.86089029864999,77.7128945913498
106,1,stable,29.0,130.0,70.0,6.7,98.0,78.0
106,2,stable,29.0,130.407340398515,68.57968421981805,6.439274497939392,98.06211673503903,76.49544806616822
106,3,stable,29.0,133.77720542158187,65.17858344596036,6.112297561645672,98.25912956959489,77.76277179397023
106,4,stable,29.0,134.09125820472715,62.88991655621972,5.851154556473324,98.26663689219916,77.80495379763562
107,1,stable,22.0,100.0,65.0,7.5,98.0,70.0
107,2,stable,22.0,99.90079261501566,64.47834401544968,6.788527558209891,97.94708159505157,71.02818101725785
107,3,stable,22.0,95.4980096608332,64.01708353080208,6.384060893789377,97.95848985171129,70.59129631287287
107,4,stable,22.0,100.2517044680224,65.24979256320437,5.736817090232687,98.02725960388082,69.72046601913596
108,1,worsening,21.0,120.0,80.0,7.0,98.0,77.0
108,2,worsening,21.0,120.99184037732871,84.1193605394788,7.0125767380113935,98.01854958448143,77.16146166300331
108,3,worsening,21.0,121.74592636765284,88.74081422466526,7.717544961682452,98.27570247543701,80.60997531667512
108,4,worsening,21.0,121.00356609995421,90.85887423387963,7.531927690588841,98.27799682962393,80.80098924933267
109,1,worsening,19.0,120.0,80.0,7.0,98.0,70.0
109,2,worsening,19.0,119.1895218928025,81.59560491224268,6.794391093751672,98.16824188212783,69.86762653862
109,3,worsening,19.0,130.80375151631495,82.4439188219679,7.224644679081702,98.11749237539435,72.68486708896558
109,4,worsening,19.0,136.97997971808226,85.11313134997468,6.95485225084275,98.22103887450422,72.32352813398
110,1,stable,25.0,140.0,100.0,6.8,98.0,80.0
110,2,stable,25.0,142.60368301693052,100.23223939409449,5.597892021979642,97.89924545465652,80.77315147883586
110,3,stable,25.0,146.5062846347381,102.9312704096043,4.812392659145002,97.93014058573995,81.91475000095308
110,4,stable,25.0,141.17038713255096,102.91203572440651,4.947506523846829,97.89932615963822,79.8326293172563
111,1,improving,17.0,90.0,63.0,6.9,101.0,70.0
111,2,improving,17.0,86.94946108597583,59.68215666541359,6.286697688403175,100.91396903595638,69.59806284737905
111,3,improving,17.0,83.3958329014374,56.73862183268018,5.937545105301768,100.6352012988232,69.23499963033444
111,4,improving,17.0,80.81992322492884,54.88850769168544,6.016851427563808,100.35316533117229,66.11677491539939
112,1,worsening,28.0,120.0,90.0,6.9,98.0,70.0
112,2,worsening,28.0,122.55119849085588,92.36080862738672,7.066706532419934,98.15002836223108,71.94775805464734
112,3,worsening,28.0,126.68256855692754,93.67281757170569,6.4214924673899905,98.310802321683,74.22049845283597
112,4,worsening,28.0,131.3306119217591,93.47901732634361,7.148662757799283,98.48092963238942,76.87217820979686
113,1,stable,48.0,120.0,80.0,11.0,98.0,88.0
113,2,stable,48.0,119.27135467808432,81.81839644584856,11.028326134567665,97.88552572157928,88.46609379214573
113,3,stable,48.0,121.13326925711694,82.03244354932325,11.136669357986753,97.85902036060523,90.1279113807932
113,4,stable,48.0,118.23518199838739,80.60326928012834,11.14208961137924,97.94907239897009,88.444628875231
114,1,stable,32.0,120.0,90.0,7.7,98.0,70.0
114,2,stable,32.0,113.44335930542522,90.07955988893977,7.148227806159096,97.9606014419763,70.74349291067824
114,3,stable,32.0,111.37911713850912,90.64235680808277,7.000534454735343,98.0294619991626,71.27761144548408
114,4,stable,32.0,109.152735845287,90.23196309872317,7.515517543892278,98.06976489089021,69.70720679304986
115,1,stable,18.0,120.0,80.0,6.9,102.0,76.0
115,2,stable,18.0,116.51013267084384,83.43718026413738,7.405290462478782,102.0296998218065,76.17675439893132
115,3,stable,18.0,115.83754582173913,85.08828649748436,7.222348479306919,102.05383481221546,77.15694550591367
115,4,stable,18.0,114.02986455714652,83.58885575249364,6.633048440437976,101.94477570610584,75.10154214857484
116,1,worsening,20.0,110.0,60.0,7.0,100.0,70.0
116,2,worsening,20.0,117.160268040708,57.98982298911014,7.752363436251105,100.2276628810696,70.38579945670436
116,3,worsening,20.0,120.06078539882775,55.050560872739695,8.278691160383119,100.20066022778116,71.50954614270353
116,4,worsening,20.0,117.6115218990492,58.31824446793388,9.17890588351264,100.20238351215143,71.1307922700258
117,1,improving,22.0,85.0,60.0,6.9,98.0,76.0
117,2,improving,22.0,81.56868402820967,56.638057724948524,5.740006804083137,97.96445050903266,74.59483706648035
117,3,improving,22.0,75.53327417255501,53.341869082148236,5.873868488732266,97.94426068187222,73.54934177492356
117,4,improving,22.0,74.95122244541093,48.57022624248971,5.495119825296234,97.87739147974949,72.12184619641982
118,1,stable,16.0,90.0,65.0,6.9,98.0,76.0
118,2,stable,16.0,87.48885991008791,66.24058722873623,7.172287169013204,97.70112635562965,77.33809046869924
118,3,stable,16.0,77.68272939551957,64.74150619549593,7.678193984132961,97.66861917612468,75.6898672578909
118,4,stable,16.0,74.16349663178491,67.24035752611047,6.730123470698227,97.78428842244847,75.62792384846558
119,1,worsening,20.0,120.0,75.0,6.8,98.0,70.0
119,2,worsening,20.0,119.30105411524987,79.05455814731496,7.556100023344047,97.90582859730695,70.4456246881472
119,3,worsening,20.0,119.0977465188416,84.14886226342631,7.284681067483871,98.15215061728713,71.30752176074678
119,4,worsening,20.0,117.93317830053832,84.44750074089903,7.283882331298702,98.10352423501915,72.3134476238342
120,1,stable,35.0,100.0,70.0,7.0,98.0,60.0
120,2,stable,35.0,92.9844050573838,69.07610308172745,6.110470585620288,97.92293838219851,58.97802563936319
120,3,stable,35.0,90.1811607930327,73.94520555469973,6.138304058089303,97.94807753489512,56.981075089651746
120,4,stable,35.0,88.07695442870103,74.46911854792411,5.6328013975169515,98.04111187735792,55.62905532398521
121,1,stable,32.0,120.0,80.0,6.8,98.0,70.0
121,2,stable,32.0,118.11430717232412,80.39985451421923,6.48398213919358,97.97224596221307,69.73455270839294
121,3,stable,32.0,115.75132474486516,81.58027196062088,6.601602985429347,97.96316714108465,69.25064996687112
121,4,stable,32.0,118.31430258303355,81.00639776031473,6.450278515194997,97.97389301557955,71.15787973407357
122,1,worsening,22.0,100.0,65.0,7.5,98.0,70.0
122,2,worsening,22.0,105.0512065520975,62.339899771096995,8.0019226705387,98.24333587783993,71.44866572076184
122,3,worsening,22.0,108.17431145295771,62.92281710871598,8.411961436271259,98.29947403616647,71.46443021488344
122,4,worsening,22.0,109.8156990500673,65.35225729894835,8.42813653769617,98.29883044077982,70.83462864224313
123,1,stable,30.0,140.0,100.0,15.0,98.0,70.0
123,2,stable,30.0,141.75464429021815,100.56371776222434,15.47621521055277,98.00900235914058,70.44068183271585
123,3,stable,30.0,142.7322783675294,100.34096616097247,15.21430767136339,98.23585035120735,69.93261798266633
123,4,stable,30.0,140.58973539295226,101.39707674240988,15.338572663208797,98.09192434557661,71.19468458237903
124,1,improving,60.0,120.0,85.0,15.0,98.0,60.0
124,2,improving,60.0,121.25096043751707,84.57580251991348,13.981354789855864,98.1001159376339,59.84126607560791
124,3,improving,60.0,118.64405534582801,86.49870471515361,13.665232257024797,98.0152758134654,58.19965950266855
124,4,improving,60.0,117.9421324538855,85.71175702466229,13.277755365272338,97.85237592607014,57.44639546902052
125,1,stable,22.0,120.0,85.0,6.1,98.0,88.0
125,2,stable,22.0,115.70938329115172,81.41852208374625,6.378846729476389,97.73342707470037,88.23091367829862
125,3,stable,22.0,114.1710925816891,84.6019824802695,6.135369469351141,97.80099363209834,87.78472021195724
125,4,stable,22.0,114.53709117730627,86.39498534575361,5.907144436052467,97.90309430615325,86.66764780425407
126,1,improving,19.0,90.0,70.0,7.8,98.0,80.0
126,2,improving,19.0,90.39460830731377,69.65941811005635,8.350854005639997,97.839819953096,77.5502941517428
126,3,improving,19.0,84.62111564261039,69.319821920701,8.201809153415622,97.76833360901654,75.38858855666716
126,4,improving,19.0,84.51450710665699,64.39294694131605,8.378914910623536,97.9791256618143,74.90121158554341
127,1,stable,48.0,120.0,80.0,11.0,98.0,88.0
127,2,stable,48.0,118.41416341519817,75.59506412121911,10.702618210428072,97.88802890586027,86.37333970075473
127,3,stable,48.0,123.95606717888852,76.25904216271569,10.88995609788791,97.85636844011435,86.17900546623905
127,4,stable,48.0,127.05962696673323,76.18035368291187,11.151800536087675,97.83628708660444,85.79437190481333
128,1,worsening,22.0,120.0,85.0,6.1,98.0,88.0
128,2,worsening,22.0,121.73249043607977,87.08418144130826,5.86014339483917,98.07843083557337,88.9597519055788
128,3,worsening,22.0,117.36936883231822,86.80403946181535,6.455807511883015,98.20004932171935,88.56216577853854
128,4,worsening,22.0,120.45329265616871,91.2386477365574,7.233935455993366,98.27224985706484,88.93541252449045
129,1,improving,40.0,120.0,90.0,12.0,98.0,80.0
129,2,improving,40.0,118.93116952477226,88.52805844449583,11.91582792080203,97.93154804106108,80.0210936258148
129,3,improving,40.0,116.6614347258966,88.49080028112023,11.950771882263936,97.7671584494457,77.08913028243093
129,4,improving,40.0,119.05371392175957,87.16864480716151,10.7101243084137,97.61206213366046,77.05751257179207
130,1,stable,48.0,120.0,80.0,11.0,98.0,88.0
130,2,stable,48.0,118.35237975653497,83.40887711770958,10.483268424924193,97.91822628427839,88.23763158207164
130,3,stable,48.0,119.60871625434835,84.61666805299991,10.932873360557144,97.93857138653001,88.7877759544769
130,4,stable,48.0,118.77467876035206,84.76923681506176,10.985930734960588,97.96060897321661,89.6562319739422
131,1,worsening,31.0,120.0,60.0,6.1,98.0,76.0
131,2,worsening,31.0,119.97063602731406,62.11137340064027,6.480896096470509,98.10175506671555,79.37980641907714
131,3,worsening,31.0,120.85943089586071,65.08566637035098,7.402795453595542,98.19375863035098,82.9072369218774
131,4,worsening,31.0,122.21714108190537,67.82100197343652,7.403384699176014,98.2397065530907,84.08640330212592
132,1,worsening,31.0,120.0,60.0,6.1,98.0,76.0
132,2,worsening,31.0,123.60082449747158,65.01060774037366,6.44786418108775,98.04793103640407,79.93902932724609
132,3,worsening,31.0,127.44343019376697,65.20653969098494,6.5000344505929215,98.03331295999467,81.89120589537877
132,4,worsening,31.0,128.8450995319813,67.46316447330716,6.863419338874278,98.19021992978936,81.8386581969416
133,1,stable,29.0,130.0,70.0,6.1,98.0,78.0
133,2,stable,29.0,130.72170401815953,71.46236196807554,6.26407147409749,97.91706852011599,78.7615993162239
133,3,stable,29.0,128.32824050857687,70.19326055233134,5.798324717525341,98.05037692742606,79.47366456485544
133,4,stable,29.0,130.27488068751512,73.22819918272285,7.186086117248988,97.87526049376439,78.64361337525867
134,1,improving,30.0,120.0,80.0,9.0,101.0,76.0
134,2,improving,30.0,113.95864626619188,77.32412684204498,8.005007540001518,100.9523633987251,75.15879144252163
134,3,improving,30.0,112.93231698381932,76.61291926516527,7.9078111032272735,100.83214338349525,76.64396402435155
134,4,improving,30.0,111.11252993015482,70.13408360699945,7.018518743243615,100.57185960820794,75.7641252822324
135,1,improving,23.0,120.0,75.0,8.0,98.0,70.0
135,2,improving,23.0,115.91868518434904,77.94664270610009,7.876148126808285,97.99242850822623,68.05400165016214
135,3,improving,23.0,110.12971645511882,76.08950089836125,7.566789791410502,97.72027972272431,66.95198266478243
135,4,improving,23.0,107.60089726017982,73.61925778914855,6.770742812448943,97.58303946920506,65.85383958076093
136,1,improving,25.0,120.0,90.0,6.9,98.0,80.0
136,2,improving,25.0,120.90368918907251,87.33703674861191,6.280212416431165,97.96287650530081,79.78735999188254
136,3,improving,25.0,116.9324983482657,87.31366043296495,6.3688198403993415,98.01325157279415,80.88714627094565
136,4,improving,25.0,111.57060061392185,85.40077649727158,5.979664182821647,97.92124066790132,79.25794723942721
137,1,stable,48.0,120.0,80.0,11.0,98.0,88.0
137,2,stable,48.0,120.2982074526012,78.13029913492464,11.042429191369724,97.9186473498876,86.76381139142599
137,3,stable,48.0,121.05209108257853,78.49754847541188,11.328246969700391,98.14259704640209,87.07552835429456
137,4,stable,48.0,122.61290099521237,75.87543289167242,10.693286719284568,98.30476368262389,86.03739211087303
138,1,worsening,32.0,120.0,65.0,6.0,101.0,76.0
138,2,worsening,32.0,122.44829228170512,66.72723118812739,5.949423280221804,101.05071729498377,78.2813368844571
138,3,worsening,32.0,122.42900711225062,65.2826007701723,6.809219134256477,101.18311781585861,78.48310213040257
138,4,worsening,32.0,119.91228907624838,65.41735315610866,7.176948034180117,101.38450807390655,78.21714685126243
139,1,stable,15.0,120.0,80.0,6.6,99.0,70.0
139,2,stable,15.0,122.17236051563746,74.2054730117804,7.110070191059979,98.87885363632566,70.37321505234814
139,3,stable,15.0,122.96609371967538,76.84468323841173,7.381896331645928,98.63529157526354,69.4909999814166
139,4,stable,15.0,123.41078562631414,76.37022319218137,7.617549509967163,98.71616505113923,70.17499524984147
140,1,stable,48.0,120.0,80.0,11.0,98.0,88.0
140,2,stable,48.0,114.05918485359479,78.89164129342063,11.205436082875776,97.88827971119447,88.7096518961603
140,3,stable,48.0,116.98205138705802,79.2003567852404,9.693766812922801,97.75733490788814,90.83002461031681
140,4,stable,48.0,115.2234991946089,74.37218345871027,10.30323798878303,97.75870323683843,92.0721511769578
141,1,worsening,12.0,95.0,60.0,7.2,98.0,77.0
141,2,worsening,12.0,98.74212449440027,63.643957270889786,8.718404468496992,98.1814460432332,76.12277610660756
141,3,worsening,12.0,102.75341039063805,68.36831665647118,9.70653723202826,98.21970172138141,78.33168212619248
141,4,worsening,12.0,108.31263286980577,76.57493125093404,9.731206379996486,98.24967959700301,78.88688184671724
142,1,improving,18.0,120.0,80.0,6.9,102.0,76.0
142,2,improving,18.0,114.56215154250647,71.33065867067305,6.29079916524784,101.95587916625075,74.54621563159603
142,3,improving,18.0,118.21537936138654,69.41650354579284,6.533072946578387,101.90069972781956,74.57590159341908
142,4,improving,18.0,116.5397753706869,70.80057237524271,6.16595335298308,101.86956618864566,74.08839173241411
143,1,worsening,18.0,120.0,80.0,7.9,102.0,76.0
143,2,worsening,18.0,129.76350886261824,81.28872519282714,8.5016840911392,102.21082694110272,78.18114927487778
143,3,worsening,18.0,132.37530571223374,77.43573967644295,9.151345383876608,102.06539663830314,80.73291506438127
143,4,worsening,18.0,135.49470646266002,81.81502943632853,9.10096373883564,101.9882995095344,81.92536951273398
144,1,improving,60.0,120.0,80.0,7.5,98.0,75.0
144,2,improving,60.0,115.84430943212321,78.25930946741148,8.470733051447121,98.00353726795517,75.2804756000706
144,3,improving,60.0,115.98568175432334,79.91269867898296,7.982231596289904,97.71105658443895,74.16914959519413
144,4,improving,60.0,116.02344283655324,75.60610278339949,7.500492545840561,97.55821934620504,74.95834068103804
145,1,stable,48.0,120.0,80.0,11.0,98.0,88.0
145,2,stable,48.0,122.09641163249546,81.51259185564935,10.981621215338965,98.0202403599878,86.66766647745789
145,3,stable,48.0,115.06126715677766,81.8777961926652,11.141478037807179,98.14413391514215,88.43409460800048
145,4,stable,48.0,120.11292929827083,79.44922609942856,10.967670436919256,98.19334591153496,91.28035293218655
146,1,improving,40.0,140.0,100.0,18.0,98.0,90.0
146,2,improving,40.0,136.1781469826234,95.90413662298401,17.994527148633406,97.80527033759304,88.83263452447554
146,3,improving,40.0,133.23473705134,97.83359259892347,17.424799392349577,97.47339742554881,88.5003839112342
146,4,improving,40.0,128.41145090364597,95.99062650478008,16.987299210784897,97.36339254431878,88.48952520879418
147,1,stable,25.0,120.0,100.0,6.8,98.0,60.0
147,2,stable,25.0,118.3364434986591,101.66452379442669,6.497010514939063,97.83517189871263,60.75156115775277
147,3,stable,25.0,121.95013783029381,101.55503338121899,5.5295291149465005,97.90750106805547,58.88558660458775
147,4,stable,25.0,122.943737270726,99.39549715574262,4.95726430386906,97.8622257788393,58.6795313765334
148,1,stable,50.0,120.0,80.0,7.7,98.0,70.0
148,2,stable,50.0,121.8942247980159,78.91454394534058,8.183626266915233,98.02880721391757,69.21583619504932
148,3,stable,50.0,119.10795731447276,74.90556032263927,8.327074043816394,97.9924784294733,66.54911602674949
148,4,stable,50.0,117.38422919163585,72.71300264049563,9.104513513808334,97.81802256482908,64.92881146004137
149,1,stable,50.0,120.0,80.0,7.8,98.0,70.0
149,2,stable,50.0,124.36555139576332,78.18717383324635,7.488128796451936,98.06313555865641,67.38397451274753
149,3,stable,50.0,118.3769330857213,77.50404294730356,8.25284494540535,98.01849342564412,67.49744331203463
149,4,stable,50.0,122.0250387363752,82.63089294114886,7.968227855298562,98.01676844203429,69.54571941281517
150,1,improving,55.0,120.0,90.0,6.8,98.0,66.0
150,2,improving,55.0,120.7322699284248,85.57534836687981,6.455839801290187,97.89317988484333,64.02371898259075
150,3,improving,55.0,114.99492139691915,84.30126584541861,6.552318923925899,97.79792502782,63.20321159306216
150,4,improving,55.0,114.25864596904184,79.99024514644304,6.522563201988259,97.79990679849699,65.23077069181825
151,1,worsening,23.0,90.0,60.0,7.9,98.0,76.0
151,2,worsening,23.0,95.04833958150554,63.93989479695291,8.030708023072881,98.04065742771004,77.5076415971176
151,3,worsening,23.0,94.95958391329786,64.88761338336148,8.469633176929275,98.22465788080494,77.72730342725902
151,4,worsening,23.0,91.60558441964574,62.17050806238536,8.242958727243565,98.17208198082548,78.4528222498145
152,1,worsening,25.0,140.0,100.0,7.2,98.0,80.0
152,2,worsening,25.0,140.31289781016542,100.06305887470815,7.377373454771028,98.21745829186523,81.64345859167614
152,3,worsening,25.0,142.93889401914362,100.88791055447416,7.558336495980837,98.33300002121322,83.1994819213629
152,4,worsening,25.0,142.59262153128788,102.92338562771177,6.950655286670742,98.43665377969783,84.95558290045301
153,1,improving,22.0,120.0,85.0,6.1,98.0,88.0
153,2,improving,22.0,114.59040967435,83.58241148362686,5.687603992540786,97.90776122808099,86.97215834997704
153,3,improving,22.0,112.3609353650582,83.69911330397235,5.972659105056422,97.82556777140466,86.9893760194634
153,4,improving,22.0,107.5288165443787,83.61627000256905,5.2019723424535105,97.85534693947356,88.57515781251972
154,1,stable,22.0,100.0,65.0,7.2,98.0,70.0
154,2,stable,22.0,92.9452231630042,63.6663305922479,7.807807305413782,98.0566647292967,70.27981796015469
154,3,stable,22.0,96.190736961766,64.84518963128258,8.408633025746365,98.15086303045193,71.99044815038071
154,4,stable,22.0,97.34520724368252,67.04802924736184,8.257096499424978,98.08924118178807,73.90912291199376
155,1,stable,22.0,90.0,60.0,7.5,102.0,60.0
155,2,stable,22.0,92.58980166021836,60.30110640705834,7.2106131234848405,102.00112523730823,61.61428270285338
155,3,stable,22.0,94.3763545069105,56.1364428068916,7.104411488663886,102.18372772155638,61.37394146762649
155,4,stable,22.0,88.58309411175489,60.74294904488433,7.4411040162414865,102.17655464941706,60.956409625939365
156,1,worsening,42.0,120.0,80.0,7.5,98.0,70.0
156,2,worsening,42.0,120.83019996605603,84.74084712859334,8.162239278354939,98.10703146452282,71.06290707110169
156,3,worsening,42.0,122.84131675140519,89.23198985200797,8.129999118940702,98.02282224456172,72.65295981251671
156,4,worsening,42.0,127.44650111714401,92.34730235164481,8.725892408428049,98.07194462739815,74.43753958030165
157,1,stable,15.0,70.0,50.0,6.0,98.0,70.0
157,2,stable,15.0,68.43265254247706,49.24105009303046,6.996983814624692,97.82224538738261,70.56184028754575
157,3,stable,15.0,63.029909380837104,48.977677312758985,6.783031973266212,97.60862665165013,70.99917961154463
157,4,stable,15.0,61.80709043582135,43.86951175702171,7.197274947055347,97.75564825610434,72.674313296718
158,1,stable,27.0,120.0,90.0,6.8,102.0,68.0
158,2,stable,27.0,120.1481976939346,93.23190901529318,7.630088216909974,102.11613823829623,66.94156392954314
158,3,stable,27.0,120.79604938429532,94.30141856465966,6.737223036752576,102.16422594572467,69.49676356338951
158,4,stable,27.0,122.85512226406966,97.88679166467158,6.827473181548426,102.15672446201494,69.92537245902918
159,1,stable,21.0,75.0,50.0,7.5,98.0,60.0
159,2,stable,21.0,71.8989354621793,53.081399475057545,8.1771138391426,97.8984575516556,61.08818261583233
159,3,stable,21.0,71.6191311051742,53.90828267398993,8.404185758487413,98.00033237523182,61.18117086009149
159,4,stable,21.0,76.15649979253574,54.661201516944686,8.712158336365807,97.91496159075815,63.60784246124233
160,1,stable,22.0,120.0,90.0,7.1,98.0,82.0
160,2,stable,22.0,122.29415641799193,86.08667371020172,6.694078745574597,98.12682568808209,82.32251065403598
160,3,stable,22.0,116.13633605958654,88.61322707685787,6.425776259515683,98.27142024860716,82.2237695625628
160,4,stable,22.0,116.79500485816257,91.4820709099004,5.982953144527088,98.169699480499,82.00287449109183
161,1,worsening,23.0,90.0,60.0,7.5,98.0,76.0
161,2,worsening,23.0,87.20699251135338,63.951129121273084,7.597210518837052,98.0417779287328,74.81197920678002
161,3,worsening,23.0,87.59639136865613,65.8794185697747,8.45097911413889,98.0447255028861,77.57445573259655
161,4,worsening,23.0,87.9678464800378,66.16390057624447,9.604231546843582,98.14835327586923,77.85321886512983
162,1,worsening,25.0,120.0,90.0,7.5,101.0,80.0
162,2,worsening,25.0,126.92777756376356,95.51453134969215,7.491714243791865,101.07761541269356,81.00067601393242
162,3,worsening,25.0,126.32852723039471,97.32573203996577,7.8890606177664155,101.27639693359983,83.25733687768395
162,4,worsening,25.0,127.84335357042279,98.75180641097106,8.611542575293747,101.2984051586364,84.81838640135962
163,1,worsening,55.0,120.0,90.0,6.8,98.0,78.0
163,2,worsening,55.0,119.49535869466085,95.46794643292723,7.117541701829849,98.25002315657214,78.32191779724191
163,3,worsening,55.0,123.00644488730778,103.23694033146302,6.990547058161464,98.13754806646867,80.66757266432674
163,4,worsening,55.0,122.92018331186328,105.13325744330103,7.09617503296319,98.24698523007335,80.49834633580006
164,1,stable,19.0,120.0,76.0,7.5,98.0,66.0
164,2,stable,19.0,121.4473358270983,73.54640188628349,7.154578474897312,97.96440936468505,64.39378715196393
164,3,stable,19.0,120.0876941843371,73.83547894410734,6.957440990092168,97.93660585553368,64.37141454963769
164,4,stable,19.0,117.97775939436615,75.51709638411258,7.665952729938626,97.88902839462455,64.91685352977153
165,1,worsening,25.0,120.0,90.0,6.7,101.0,80.0
165,2,worsening,25.0,123.7500980756197,95.75683927241572,7.345692739796029,100.90027013856107,81.40968794594657
165,3,worsening,25.0,130.291085795678,97.16431526075392,8.231659119532505,100.91152820120374,80.63903431253814
165,4,worsening,25.0,133.31941222185688,94.83684447299915,8.508076153686122,101.12533278434982,79.39148659238857
166,1,stable,29.0,130.0,70.0,7.5,98.0,78.0
166,2,stable,29.0,126.67931003023456,69.8459187551925,7.319555304071907,98.14334661330551,79.07283733851804
166,3,stable,29.0,128.2729113077302,70.20029256805692,7.513574912476049,98.05503338453113,80.03647634350804
166,4,stable,29.0,124.69477291263796,72.23308177023713,8.098817732938967,98.07663723028253,79.83838520275148
167,1,stable,19.0,120.0,85.0,7.8,98.0,60.0
167,2,stable,19.0,110.79271467103707,85.73550893463961,7.744071126961548,97.99481296559813,60.79425345820555
167,3,stable,19.0,110.55213652141609,82.96095301154031,7.6743030360728,98.00173427075457,60.92345721751155
167,4,stable,19.0,111.07313188893012,85.49013227672614,7.138453486965071,98.01973542180528,62.373540696002145
168,1,worsening,24.0,120.0,80.0,7.5,98.0,66.0
168,2,worsening,24.0,120.69057091882102,81.04462452452132,7.4482879682017,98.06459182317572,68.96918594327559
168,3,worsening,24.0,119.1962094303636,80.14522314341902,7.200633404769739,98.32353502309121,69.3487691212506
168,4,worsening,24.0,121.68781046059985,81.11180296801916,7.129375143182271,98.38140589464804,73.01154642348443
169,1,stable,15.0,76.0,49.0,6.8,98.0,77.0
169,2,stable,15.0,73.2555682541363,50.57579350870823,6.389726586910834,97.818004671778,78.14609031750327
169,3,stable,15.0,76.98830887140525,53.121235550287054,6.15789502940441,97.80091789098702,78.98894450038286
169,4,stable,15.0,78.24799525283342,52.16336622055087,5.359044843321914,97.81258481898155,80.20192072122995
170,1,stable,17.0,90.0,60.0,6.9,101.0,76.0
170,2,stable,17.0,92.05528643292817,60.80676674466711,7.270123222593594,101.08933706278053,75.21931204872587
170,3,stable,17.0,86.8525218034131,59.50851129966811,7.708818723455095,101.03380679068894,74.43909839959387
170,4,stable,17.0,80.99210432109781,63.77336782567352,8.116225910651599,101.11268543537079,75.52697365092581
171,1,stable,12.0,90.0,60.0,8.0,102.0,66.0
171,2,stable,12.0,89.21384202623251,59.601499795907365,7.789039702888699,102.2699387772517,66.62493239200941
171,3,stable,12.0,87.72150738185582,60.734230075867266,7.290276885143163,102.42408096498019,65.8817869516048
171,4,stable,12.0,89.33381104572486,63.328158124310875,7.480121720509649,102.43375975938758,65.8939301907284
172,1,worsening,50.0,130.0,100.0,16.0,98.0,75.0
172,2,worsening,50.0,130.71849992238936,100.85293981561668,17.124750101604516,98.07084293799097,75.01596722296031
172,3,worsening,50.0,131.63134710223,105.4772627596997,17.852814551149425,98.21021361209488,75.62579855542359
172,4,worsening,50.0,136.05030881678533,105.85793790196817,18.119441038159923,98.3915365215692,77.50794949993382
173,1,stable,17.0,90.0,65.0,6.1,103.0,67.0
173,2,stable,17.0,87.24723900405095,65.264513583814,6.951673873619219,102.80374337878357,67.31288991766237
173,3,stable,17.0,82.81965129006225,63.7209455855817,6.7718648583754595,102.76066076890581,66.7128194845106
173,4,stable,17.0,82.84284088827056,62.41846569423239,6.050288249165378,102.84056124839981,67.55916598863982
174,1,stable,17.0,85.0,60.0,9.0,102.0,86.0
174,2,stable,17.0,80.0424983213439,60.72738128694484,9.333528030096764,101.89434959588053,86.01031217100223
174,3,stable,17.0,79.66839617026241,65.2100328261432,10.28307455309802,101.72383022733402,88.81387762998929
174,4,stable,17.0,76.72354547731787,67.5963830585852,10.761918346790319,101.62181814060223,89.36838806500276
175,1,improving,32.0,120.0,90.0,7.5,98.0,70.0
175,2,improving,32.0,118.16811850224862,90.96444435523034,7.142482067440971,97.90083777980935,70.33282267505592
175,3,improving,32.0,117.46151566088112,90.79852047084091,6.419854867628221,97.71178389354593,68.7952882766922
175,4,improving,32.0,112.88984908129757,90.76493805491454,6.506685414351401,97.61392731997587,69.50454029751373
176,1,stable,32.0,120.0,90.0,7.5,98.0,70.0
176,2,stable,32.0,120.7831657820115,88.00002546066166,8.277290984818544,97.99374855036491,70.14182948659997
176,3,stable,32.0,119.69044507730415,85.83482797413255,7.5526641538050585,98.05858821291469,69.2611637212451
176,4,stable,32.0,129.5348609973932,83.19199884713576,6.932271524130096,98.1108537805576,70.98035214807096
177,1,stable,25.0,140.0,100.0,6.8,98.0,80.0
177,2,stable,25.0,141.84125997409382,95.51394961643403,6.465715740572023,97.89000416201254,77.86967097436766
177,3,stable,25.0,142.21765818413533,90.05629899301405,5.813344128379182,97.83496670314294,76.93517519687906
177,4,stable,25.0,143.4931510220579,90.79989154946914,6.254344512450304,97.91205115423826,78.21762786052092
178,1,stable,23.0,90.0,60.0,6.7,98.0,76.0
178,2,stable,23.0,90.97644186838363,61.244706925877175,6.769893427619779,97.9593059976885,75.62628240352166
178,3,stable,23.0,88.34584773165996,62.27066065162517,6.7235063320139625,97.89136143386288,74.88181526531463
178,4,stable,23.0,84.45124178924982,64.65255304708113,6.762296297446291,97.80296443240987,75.79074986425019
179,1,worsening,29.0,130.0,70.0,7.8,98.0,78.0
179,2,worsening,29.0,128.04851005555486,74.4317248754972,7.929716369710783,98.04006971129671,78.94561839397244
179,3,worsening,29.0,134.29902846497106,76.42718675968364,7.7327919426853295,98.1777548002979,79.29973939521162
179,4,worsening,29.0,142.94775258536185,78.3711656037401,7.024745295040217,98.29633105296874,82.38509816935377
180,1,stable,35.0,120.0,60.0,6.1,98.0,76.0
180,2,stable,35.0,125.89131935584149,57.51853653046693,6.550056076702306,97.92602903230143,76.25213649460389
180,3,stable,35.0,121.79543923007779,55.95033112177249,6.21639589355665,98.0180892903015,77.15227048678071
180,4,stable,35.0,122.68614056516846,52.66424340682022,6.062632967966847,97.9416469417496,78.12992256175609
181,1,worsening,31.0,120.0,60.0,6.1,98.0,76.0
181,2,worsening,31.0,120.1440869948389,55.28037997569949,5.622900909856178,98.22761376768017,76.44825204446524
181,3,worsening,31.0,120.30263656211312,61.22429931431688,6.641851018334419,98.31208153914073,77.01774649729428
181,4,worsening,31.0,122.4516825961183,63.72377615014608,7.826034569345163,98.4373277749139,78.7332426912942
182,1,stable,25.0,120.0,90.0,7.5,101.0,80.0
182,2,stable,25.0,116.23642441145913,91.83686540970045,7.354659749152855,100.74221689194367,77.60760334802256
182,3,stable,25.0,112.96050647724542,93.12953309257023,7.410808465237339,100.7611059319441,79.80077008784049
182,4,stable,25.0,108.87705542757529,93.06277733251062,7.561016980405115,100.68567207209712,79.83261379613575
183,1,worsening,28.0,115.0,60.0,7.8,101.0,86.0
183,2,worsening,28.0,122.11064353292426,60.28807671394835,9.197013103681984,101.07863579829015,88.05501918113889
183,3,worsening,28.0,124.51323287547478,62.15996885714321,9.303573050683822,101.17280338924579,89.31182522063118
183,4,worsening,28.0,124.56388304827664,63.802391898963116,9.397270287769006,101.49037525184394,90.11027933556059
184,1,worsening,19.0,120.0,85.0,7.8,98.0,60.0
184,2,worsening,19.0,123.40838754102178,83.73132338694828,7.974134415877482,98.10353295402828,62.68224286842639
184,3,worsening,19.0,126.69674212007013,89.04514361807345,8.684990292361128,98.35222905377785,63.51519573407163
184,4,worsening,19.0,136.96167386638467,89.81069402986265,8.701538026475914,98.31021764727869,67.0349589830582
185,1,stable,23.0,99.0,60.0,6.8,98.0,76.0
185,2,stable,23.0,97.92492567627772,63.03934615151684,7.139307387864192,98.20143691353874,74.25999291230698
185,3,stable,23.0,97.07109707335742,61.9138561249547,6.165492172426906,98.31007129385313,73.9560247358775
185,4,stable,23.0,99.45095093474512,67.65607663465019,5.991201702144767,98.26692263834163,74.08942189092393
186,1,worsening,19.0,120.0,80.0,7.0,98.0,70.0
186,2,worsening,19.0,120.75062937283343,80.41133457422436,7.916337358039158,98.12075588741111,68.60073003100321
186,3,worsening,19.0,119.38187923121708,86.011114613421,8.509368884290568,98.12462905183301,69.30848841135428
186,4,worsening,19.0,121.99856768749214,89.74813659869585,8.233921673534073,98.12043366357567,70.51465911580851
187,1,stable,15.0,120.0,80.0,7.8,98.0,70.0
187,2,stable,15.0,121.84002686040365,77.00814197709903,7.97620732196668,98.11183671372183,70.54726046931097
187,3,stable,15.0,122.2876358969126,76.77482078991649,7.564291685825211,98.10446019594698,71.96336760055735
187,4,stable,15.0,121.90464711934654,74.60959005599946,7.321416926612802,98.12503803973159,71.5434792323175
188,1,worsening,15.0,120.0,80.0,7.0,98.0,70.0
188,2,worsening,15.0,125.43450995118293,85.4107639049429,7.88607686102401,97.98624671942589,69.88361102888341
188,3,worsening,15.0,127.764803801218,86.25958661903967,7.719146422589411,98.02295669887951,70.2495095874847
188,4,worsening,15.0,128.17714937198173,87.43785452839202,8.695314255475616,98.12533227210668,73.92753660790743
189,1,improving,48.0,120.0,80.0,11.0,98.0,88.0
189,2,improving,48.0,116.49258005370625,78.0633533191377,10.731833091798226,97.96263044072035,89.43522395244727
189,3,improving,48.0,111.19856022950451,78.20703478316071,10.43961718177845,97.719702849343,89.40228478372393
189,4,improving,48.0,112.70319622829969,74.17449579262579,10.040489136398245,97.46097111626017,87.08786312508938
190,1,improving,19.0,120.0,80.0,7.0,98.0,70.0
190,2,improving,19.0,113.85819297521775,78.61166058077909,6.34752158378658,97.86979969705556,69.93179292806622
190,3,improving,19.0,107.54607596636629,74.46185993338526,6.028824592056699,97.88715634654466,70.42435389073069
190,4,improving,19.0,102.8320606992072,74.79615022031075,5.247208637659057,97.99229522817622,68.25049168866748
191,1,stable,23.0,120.0,90.0,7.5,98.0,60.0
191,2,stable,23.0,117.88767566088791,94.8989925321226,7.791757702412342,97.89590540960951,59.41292196634604
191,3,stable,23.0,120.40122172974124,97.46047581629674,7.756866622902418,97.90048081299113,60.26542982369545
191,4,stable,23.0,120.82529928803223,94.31288768516079,7.355745163808253,97.92456970669177,61.63182287011276
192,1,stable,60.0,90.0,65.0,7.9,98.0,77.0
192,2,stable,60.0,92.50823125035937,65.6990874314037,8.26946484073486,97.93168894930753,76.827744345989
192,3,stable,60.0,89.85648986053575,62.66042283580429,8.434037953985493,97.95069546258952,77.60077368843896
192,4,stable,60.0,91.61367146771593,63.25086841704298,8.708672668411367,97.94632242407116,78.064928433666
193,1,stable,50.0,140.0,90.0,15.0,98.0,90.0
193,2,stable,50.0,141.1895740320018,91.62651385316306,14.669579121331118,98.00531038714192,89.29897288408239
193,3,stable,50.0,139.49547434245025,88.88913388823809,15.294112586705163,98.1144937109726,89.90313290430008
193,4,stable,50.0,145.8412560239194,88.42862730097107,16.789984443268196,98.09118249446334,90.19001029273329
194,1,improving,34.0,120.0,75.0,8.0,98.0,70.0
194,2,improving,34.0,118.62390518349507,75.08666463329975,7.549073566976778,98.10006850230202,69.36951575180893
194,3,improving,34.0,116.92012715191545,70.92802477929754,7.360840975006999,98.00437401490981,67.78643322610733
194,4,improving,34.0,111.8476279356622,75.48273530541846,6.836121201218323,97.77313764611729,66.10219710982481
195,1,improving,40.0,160.0,100.0,19.0,98.0,77.0
195,2,improving,40.0,159.21102781945456,99.6997563870137,18.287105790812785,97.95291645124946,75.11584604922423
195,3,improving,40.0,154.64315289457326,95.51991868339022,17.306034545693922,97.97998567475508,74.99062811503704
195,4,improving,40.0,155.21159532923713,93.6688787374585,17.2945914621648,97.71757225555307,75.06154838899813
196,1,worsening,17.0,85.0,60.0,9.0,102.0,86.0
196,2,worsening,17.0,89.59189967870563,62.871444435430355,8.907706969417468,101.92848328507222,86.09886492322549
196,3,worsening,17.0,93.98368796510056,66.49740224985455,8.627484197127167,101.90992899591359,86.1851600629328
196,4,worsening,17.0,95.40811307674787,65.12971931343961,8.320563798069315,101.90769189034512,87.18144850177983
197,1,stable,26.0,85.0,60.0,6.0,101.0,86.0
197,2,stable,26.0,84.62738804351343,62.575860659675264,5.357701756926812,100.97884888086209,87.15198743828888
197,3,stable,26.0,83.2815583419099,61.17990462819813,5.931770699524489,100.947477363702,88.39361323374214
197,4,stable,26.0,84.66180695174823,60.34563349845966,6.168450051773286,100.98030858240675,89.54124578596287
198,1,worsening,19.0,90.0,65.0,11.0,101.0,70.0
198,2,worsening,19.0,92.37616361994775,68.66016316360592,10.888896564594331,101.18615590997857,71.42355233221517
198,3,worsening,19.0,90.71289397388699,73.54702863461561,12.385918371823355,101.37076035644478,73.92703280968968
198,4,worsening,19.0,93.56168467804254,71.45066027487773,11.870749244460715,101.47885735093831,74.16088128562585
199,1,worsening,32.0,120.0,90.0,7.5,98.0,70.0
199,2,worsening,32.0,122.37220271285054,93.44465613601322,7.177929365937802,98.03597376542204,72.5966572586324
199,3,worsening,32.0,121.48642868080857,97.50781867970879,7.333483237404907,98.17385523302303,74.7295512252011
199,4,worsening,32.0,126.44569126994232,101.66685251657984,7.1600069554399415,98.36991663316192,74.67031589241978
200,1,improving,50.0,120.0,80.0,7.8,98.0,70.0
200,2,improving,50.0,118.98684332261006,78.87323989537992,6.988944004267272,97.7797382609443,70.08133127380162
200,3,improving,50.0,117.01069096131403,79.72340631721701,6.572152696259242,97.55381114831938,70.26808711481297
200,4,improving,50.0,113.24488038453168,78.608926946602,5.857976080114236,97.64031293067126,68.38336505998255
201,1,stable,15.0,120.0,80.0,7.9,98.0,70.0
201,2,stable,15.0,120.34572934226046,77.34230597979064,8.063078366033713,98.1651460936328,69.44864353707912
201,3,stable,15.0,121.61714968976914,70.65188643792152,8.043870694907,98.13307377238092,68.5285237416276
201,4,stable,15.0,125.09684884076935,69.85801177040577,7.956303286328534,98.09442898987699,66.37372179394586
202,1,improving,28.0,85.0,60.0,9.0,101.0,86.0
202,2,improving,28.0,85.51833799385813,52.91898592248371,8.227179861352255,100.8770843148433,87.0607791115808
202,3,improving,28.0,85.41731676947934,49.616475064453475,8.476106966261357,100.71925286359857,87.29584011612633
202,4,improving,28.0,78.4708651928922,50.28141505433448,7.881000513815946,100.53191595078385,86.15241102060729
203,1,improving,23.0,120.0,90.0,7.9,98.0,70.0
203,2,improving,23.0,119.2083153132397,86.63465111690324,7.811371722519996,97.96334434841847,69.03218733608435
203,3,improving,23.0,115.21401589803833,85.05670382119759,7.6881468961893304,98.09262026289122,69.18891777684426
203,4,improving,23.0,115.78028508572392,90.62552234592007,7.548000782305017,98.06031084314574,69.0810156523646
204,1,stable,55.0,120.0,90.0,6.8,98.0,78.0
204,2,stable,55.0,118.57169219418387,88.76829811292592,7.1195327963732415,97.98215518233604,78.1553848289836
204,3,stable,55.0,122.07071043380944,90.86867137469784,7.039739638486323,97.91351174676733,79.43161184637965
204,4,stable,55.0,124.56079995783878,86.96003905660297,6.885229456009619,97.9304694081077,80.30713871157586
205,1,stable,25.0,140.0,100.0,7.2,98.0,80.0
205,2,stable,25.0,140.91350228142534,101.4241293105184,7.231645104236812,97.93096144261949,79.70629781035923
205,3,stable,25.0,140.97460874712485,101.3397415365049,6.301303258452081,97.89023782864382,79.76948178777262
205,4,stable,25.0,140.06926638568734,100.73912558703597,6.542078246028263,97.77969473885754,77.93930676407577
206,1,stable,22.0,85.0,60.0,6.9,98.0,76.0
206,2,stable,22.0,87.45863155342188,64.1064568713468,7.2859021456476265,97.84957103526871,75.73878274519637
206,3,stable,22.0,88.28438406178559,64.53860344411638,7.55199506204593,97.75561603386193,75.81178897057468
206,4,stable,22.0,89.636824173463,66.54777416665361,7.154453643974865,97.72025345689968,72.77227344432157
207,1,improving,15.0,90.0,60.0,6.0,98.0,80.0
207,2,improving,15.0,91.47962323441821,56.77719602851154,5.102216835052875,97.93500465646095,79.03778296536014
207,3,improving,15.0,81.63622843133359,55.35490513776811,4.24946154876118,97.9028023466547,76.69745534732006
207,4,improving,15.0,79.15868029630903,52.71915776235527,4.004291972749104,97.83361512554382,75.51128517158662
208,1,stable,12.0,90.0,60.0,7.9,102.0,66.0
208,2,stable,12.0,85.24690271014285,58.579181526730395,7.895914704501862,101.93768278459365,66.70283635771752
208,3,stable,12.0,84.34847525293704,56.23093940225566,7.758701967770992,101.96082294665453,67.06805778310701
208,4,stable,12.0,90.39238984210739,54.603229166611335,7.722447589333165,102.00448089553218,67.04172669995508
209,1,stable,54.0,140.0,100.0,15.0,98.0,66.0
209,2,stable,54.0,135.01507555583402,98.75694568641066,14.470235130067152,97.82310286296055,65.10553207378123
209,3,stable,54.0,131.64592988148618,100.17751986347315,14.76681389834936,97.7304971408212,64.81299424151484
209,4,stable,54.0,125.66680684691352,98.97460319199094,14.963671605128763,97.81501502929197,64.0114173853078
210,1,stable,12.0,95.0,60.0,6.1,102.0,60.0
210,2,stable,12.0,90.12307586839373,56.96404816394047,6.450147230268693,102.17121245053117,60.55469501523254
210,3,stable,12.0,89.9932693057132,51.62233316663458,5.4522716654006596,102.18447092846523,60.15217636482424
210,4,stable,12.0,86.43510935983733,51.78179880152124,5.50907749279801,102.28122977061837,60.305738775188935
211,1,stable,25.0,140.0,100.0,7.5,98.0,80.0
211,2,stable,25.0,140.02572176776957,99.71934619484469,8.025131731322071,97.89975517161265,83.16388075833352
211,3,stable,25.0,141.23315859900217,100.64604826911008,8.28421413353976,98.0920746337975,84.05478349937344
211,4,stable,25.0,136.06869468290049,104.06122424900904,8.116015729651373,98.10305306091223,82.61670121331404
212,1,improving,35.0,120.0,80.0,7.5,98.0,80.0
212,2,improving,35.0,117.74821021867534,77.36197576869154,8.055081420629188,98.12112686960937,79.1529625185758
212,3,improving,35.0,115.3799684870436,74.50654377956401,8.206064953213662,98.00546492112268,77.77998769248599
212,4,improving,35.0,115.95461286838372,71.24995427553749,7.79271654158365,97.76149096674398,77.67228259990179
213,1,stable,30.0,120.0,80.0,9.0,101.0,76.0
213,2,stable,30.0,122.3206308452326,83.55711204071531,8.582533127603488,101.02421228260074,74.93974018478099
213,3,stable,30.0,121.58776734584484,85.43619557356338,8.63277142754417,100.87948206969551,73.46144103272857
213,4,stable,30.0,117.14370347535487,86.63208620199218,9.651097182694208,101.01907087433432,71.33005603113548
214,1,stable,32.0,120.0,90.0,6.9,98.0,70.0
214,2,stable,32.0,123.01298286661371,86.23969888286369,6.750400294217945,98.11224025730633,70.61877367508409
214,3,stable,32.0,118.80080942889931,87.72586628833581,5.695757302033817,98.08941131462281,71.89801572394236
214,4,stable,32.0,118.85999506717346,86.51176191207428,6.134560826059058,98.18927818488223,73.37070599289902
215,1,stable,32.0,120.0,65.0,6.0,101.0,76.0
215,2,stable,32.0,123.4794556552078,66.78344461556821,6.131011860080084,101.00917052271984,75.73328282995344
215,3,stable,32.0,119.57851239563476,64.45880923055942,5.991865888559525,101.03390817503673,77.35298237342866
215,4,stable,32.0,119.44402470300605,66.90064780599272,6.5244003334611875,101.01019560845414,78.02150752735893
216,1,stable,18.0,90.0,60.0,6.9,98.0,70.0
216,2,stable,18.0,94.25413394079163,61.54724810683077,6.312615205116984,98.01654878834867,71.85273679574962
216,3,stable,18.0,93.6710009219825,62.636708656348326,6.581951874242994,97.91034300039678,72.42685270321468
216,4,stable,18.0,89.18616584966048,61.114327818236276,7.112713686089754,97.9468939804586,72.08457184941837
217,1,worsening,31.0,110.0,90.0,6.8,100.0,70.0
217,2,worsening,31.0,112.38074368601396,91.97731182156292,7.518794396084216,100.00744143925456,70.94467003851011
217,3,worsening,31.0,113.95008042108051,90.06564072128046,7.459361514788414,100.25007280688676,72.27648502571671
217,4,worsening,31.0,112.26537102473999,88.26407760427216,7.798739910214267,100.49198495879803,72.9658651508441
218,1,improving,49.0,120.0,90.0,7.5,98.0,77.0
218,2,improving,49.0,118.94220814096249,84.8029816216159,7.567853822335309,97.88372208313396,77.07092582231157
218,3,improving,49.0,113.74841880559289,83.28710631128723,7.346812038293133,97.78597789843482,76.62637253959413
218,4,improving,49.0,110.31715579227051,79.7609940999172,7.744237614006232,97.8114840254518,74.87171553667582
219,1,stable,20.0,120.0,76.0,7.5,98.0,70.0
219,2,stable,20.0,117.61033995291795,73.11721274442071,8.010081674187337,97.82540879268994,71.04193154763267
219,3,stable,20.0,116.79717500343918,72.6024395897385,8.212252963920305,97.88495472577158,70.11299209491163
219,4,stable,20.0,119.10654492980906,72.8783131261481,7.592515412723094,97.86755046681102,71.66576654594824
220,1,stable,59.0,120.0,80.0,7.5,98.0,70.0
220,2,stable,59.0,122.30815639644564,77.10344262854169,7.7420654911353095,98.08717379560557,70.81580969718463
220,3,stable,59.0,124.83384282280555,77.98739953714137,7.706337236446011,98.02484433199939,68.68223223046873
220,4,stable,59.0,125.92668174651753,78.44013670176498,7.981445208965229,97.88780811373647,69.40733224601871
221,1,improving,19.0,120.0,76.0,7.5,98.0,66.0
221,2,improving,19.0,117.67832504784167,73.90324132749433,7.257741716992902,98.12625741225389,63.94993363385611
221,3,improving,19.0,115.75807036627002,70.01066784394128,6.593129462903709,98.03921379382948,64.56521087796322
221,4,improving,19.0,118.97888004844827,69.15446417263352,6.0125975175312085,98.21264105004099,63.185246935564024
222,1,stable,32.0,140.0,90.0,18.0,98.0,88.0
222,2,stable,32.0,134.28890367266118,93.39722052190929,18.477732465001406,98.24771297478054,86.4379576203364
222,3,stable,32.0,138.98074658483932,93.56788685036298,18.87546238667031,98.07889221095104,88.08831205313976
222,4,stable,32.0,141.51146042585037,93.47320397167799,19.193761046543628,98.00046443197164,87.43693043460873
223,1,improving,34.0,120.0,75.0,8.0,98.0,70.0
223,2,improving,34.0,117.8531928259173,68.5449065596392,8.03047164676298,98.04012019065439,68.31225348991256
223,3,improving,34.0,116.39948077345383,65.95204227546213,7.797721975939838,97.89385970780457,66.41981934506495
223,4,improving,34.0,117.21056254882778,63.849917354210476,8.40071064554137,97.81664142126562,64.47943666252122
224,1,stable,31.0,110.0,90.0,6.8,100.0,70.0
224,2,stable,31.0,112.0296766770869,91.76875748250835,7.387442485284049,99.93311864438279,69.85694730407363
224,3,stable,31.0,111.47801587539328,88.62788139644671,7.2573870807695915,100.07003558249106,70.12375259082407
224,4,stable,31.0,107.14689892529819,84.84193375909886,8.078787742427503,100.06078207124901,69.39596188711383
225,1,stable,22.0,100.0,65.0,7.2,98.0,70.0
225,2,stable,22.0,95.24658162085795,68.4629304789555,7.006067644171613,98.14009526204478,70.05806463548828
225,3,stable,22.0,99.84627558552201,69.08756559546305,7.4270527190986035,98.21376896116148,70.75874164015833
225,4,stable,22.0,100.96579731939508,68.52095145011936,8.372128373420209,98.12084996699065,70.76358410637937
226,1,stable,15.0,120.0,80.0,7.5,98.0,70.0
226,2,stable,15.0,121.29490234371839,78.95493009314512,7.655295856344822,97.98270146278288,68.22163703049044
226,3,stable,15.0,121.325637993026,76.27683703862249,6.799549760430426,97.99672463252486,68.77009449639047
226,4,stable,15.0,123.02035336041061,77.65697857644115,5.846010158409115,97.85728349596424,70.98864240100576
227,1,improving,28.0,115.0,60.0,7.5,101.0,86.0
227,2,improving,28.0,114.39135788291458,56.381716561862106,7.1445904628033094,100.85315789183271,85.73193482376877
227,3,improving,28.0,112.25734749066132,53.34415389066295,6.231715367501044,100.79862942176979,83.46932293068228
227,4,improving,28.0,111.05872218338409,57.78868471702883,6.503169321776895,100.79026386567669,82.47376130258675
228,1,stable,37.0,120.0,90.0,11.0,98.0,88.0
228,2,stable,37.0,115.74538180119015,93.12152176269377,10.610334276881295,97.92835907819287,87.81378286099559
228,3,stable,37.0,112.32811807158012,90.13632794556464,10.58543036469361,97.83701864157695,86.98076164988386
228,4,stable,37.0,109.81454040270506,91.40742855053956,10.47089952749257,97.8187232937011,87.65182254891394
229,1,stable,25.0,120.0,80.0,7.9,98.0,66.0
229,2,stable,25.0,119.10468446863256,81.14478422310587,8.229688877931912,97.98493178482286,66.09061579386102
229,3,stable,25.0,116.58917878893392,79.0504158009259,8.609186326677717,98.03051771812954,66.60244271283007
229,4,stable,25.0,117.49286200537435,79.16284590238617,8.952796018144788,98.12632301325198,67.62680603811852
230,1,worsening,60.0,120.0,85.0,15.0,98.0,60.0
230,2,worsening,60.0,123.30919802761778,88.48551477831163,15.53390226561288,98.10726964689752,60.07222484881441
230,3,worsening,60.0,128.13997797016702,97.35589921411231,15.743698415114356,98.19650622475837,60.46994567150462
230,4,worsening,60.0,129.14381209308974,103.06083437388335,15.80637452673915,98.22989786617678,59.584680114516594
231,1,stable,55.0,120.0,90.0,12.0,98.0,70.0
231,2,stable,55.0,114.50301440146345,91.53742056558843,13.38137086869695,97.96243242336602,68.12630243038727
231,3,stable,55.0,117.39887339470272,89.76853631560937,14.022468764639985,97.93353752120827,67.41604241143314
231,4,stable,55.0,116.82627319429314,91.6124947062979,13.910259404350523,97.88264626798794,67.19252447647102
232,1,stable,17.0,90.0,60.0,9.0,102.0,86.0
232,2,stable,17.0,91.27749773865942,55.652216240418454,8.780870433260196,102.07780177779969,86.34067384349427
232,3,stable,17.0,93.17692638040228,55.49393543771919,9.358023307356522,102.1725405751874,86.8422063688945
232,4,stable,17.0,96.16141836082596,57.32000068680818,9.141191969146949,102.034853241675,87.31475938811758
233,1,stable,15.0,80.0,60.0,7.5,98.0,80.0
233,2,stable,15.0,83.50872699982068,57.721575059431856,7.052766831355468,98.04711845571023,79.91999713251015
233,3,stable,15.0,77.44105838292406,58.63435555314319,6.138781193439539,97.95027348249066,81.43949918682173
233,4,stable,15.0,83.31282981145995,55.67620233916968,5.976259378356051,97.95464031506953,83.44187787605992
234,1,worsening,40.0,120.0,90.0,6.9,98.0,80.0
234,2,worsening,40.0,121.03966517404344,95.7153404857673,7.1097990714522625,98.15595510387894,79.2387850071694
234,3,worsening,40.0,123.06280072024205,93.62361521210879,6.983768020258173,98.32389724723315,80.08200909981193
234,4,worsening,40.0,124.61013681497182,93.74832682344083,7.2696163674075835,98.43671029779414,82.08628680369979
235,1,stable,15.0,120.0,80.0,7.9,98.0,70.0
235,2,stable,15.0,117.32370669466592,80.38714152483246,7.851220929422759,98.04132736380139,70.3007572809265
235,3,stable,15.0,116.34275705913633,79.1051077894598,7.730090471637124,98.1590201974393,69.47786545142009
235,4,stable,15.0,116.14066874595062,79.55124896361262,8.499967765031826,98.12825252365923,70.55571464927765
236,1,stable,25.0,140.0,100.0,7.2,98.0,80.0
236,2,stable,25.0,139.79486285503506,99.48724076855316,7.037644887718655,97.97378998903994,80.96029970456334
236,3,stable,25.0,140.5381657101392,100.05978990945111,6.482459503425001,97.87466711023215,83.36987042067422
236,4,stable,25.0,139.9659896903483,98.17447566419476,7.188563964343898,97.90353942145414,84.0198073078173
237,1,improving,23.0,120.0,90.0,6.1,98.0,60.0
237,2,improving,23.0,116.88023726286873,84.68856981200402,5.66189653390974,97.94836675497183,61.180885579881085
237,3,improving,23.0,114.58285192984638,77.06192783403272,5.22080403852994,98.14707601063145,61.255491646385735
237,4,improving,23.0,109.39961973609479,76.55361072095567,4.459974471793998,97.9264105932511,59.96454420745609
238,1,stable,19.0,120.0,80.0,7.0,98.0,70.0
238,2,stable,19.0,113.97611070010856,77.20365940833486,7.00509956783195,97.95818117291093,70.4438298474902
238,3,stable,19.0,110.0677667990381,78.94136912237263,6.421032719645828,98.12648527951853,68.51504819068714
238,4,stable,19.0,106.55233981107747,79.95699065361111,7.242165560155977,98.15876258490745,69.14778885218858
239,1,worsening,17.0,85.0,69.0,7.8,102.0,86.0
239,2,worsening,17.0,84.27153528460438,69.75401097284998,7.5967637059903765,101.9509544219319,87.35095443966148
239,3,worsening,17.0,83.23167060149993,72.4783106755435,7.349164313541562,102.06328285172292,87.70092410374203
239,4,worsening,17.0,90.33172595740123,75.2127451331512,8.353619781596858,102.06782700701228,88.6633636182657
240,1,stable,17.0,90.0,65.0,7.8,103.0,67.0
240,2,stable,17.0,88.66917454618023,64.36220097305736,7.441861486649115,102.87546730929297,65.41098462979447
240,3,stable,17.0,81.14074882495606,61.79170920653116,7.751467033415626,102.71169531827364,63.87299977835444
240,4,stable,17.0,86.90318401071842,60.24287280475527,7.909871164088257,102.77750304711512,64.6177831536758
241,1,improving,35.0,100.0,70.0,7.7,98.0,66.0
241,2,improving,35.0,92.2190580031288,74.00611603069959,6.518368322806334,97.81068204588918,63.93087569581476
241,3,improving,35.0,84.82927203009811,75.35078668974711,7.318884267549979,97.67997690658083,61.547187208029875
241,4,improving,35.0,75.05759281191096,72.81007400025885,6.76806946431074,97.5312863376422,60.89672215915653
242,1,improving,60.0,120.0,85.0,15.0,98.0,60.0
242,2,improving,60.0,118.46546205391977,82.28404468331833,14.061739613068514,97.98625411268073,59.1147418435092
242,3,improving,60.0,118.74976319649286,82.259894729444,12.965522002314357,97.75734991792112,57.366069881943176
242,4,improving,60.0,112.77700221791675,82.15100532109722,12.744138154867548,97.78800240671735,56.91245771993747
243,1,stable,28.0,95.0,60.0,10.0,101.0,86.0
243,2,stable,28.0,98.86027729917882,61.1430248512374,10.033601021670952,101.15167780021171,86.12948139412305
243,3,stable,28.0,97.88102418099251,59.10428295840288,10.380473848311942,101.27841812944675,86.0726132135416
243,4,stable,28.0,102.08940266291218,54.31048888176924,10.353113148042961,101.27431025980934,85.25535741307992
244,1,stable,50.0,130.0,80.0,15.0,98.0,86.0
244,2,stable,50.0,129.78701710874594,79.00783632304446,15.012809709173949,97.79480444490235,85.1457891654422
244,3,stable,50.0,132.95071196393783,77.47737362703876,14.603842627038068,97.92897011129975,86.65244550948668
244,4,stable,50.0,134.6141920377615,76.36990046329117,14.485687581318363,97.84658202169707,85.53416436106814
245,1,stable,55.0,140.0,80.0,7.2,101.0,76.0
245,2,stable,55.0,138.01133435606982,77.48213121442589,6.42846774960534,101.022478601851,76.26372226048046
245,3,stable,55.0,143.48384306889437,75.85581036945277,6.57456380796452,101.05451714345675,75.97836899355222
245,4,stable,55.0,145.878827425157,77.74223713455173,6.736108472675527,101.02832592548513,75.57644902532974
246,1,stable,19.0,120.0,80.0,7.0,98.0,70.0
246,2,stable,19.0,117.40686098088688,78.48641967938826,6.44543222826107,98.04507181112692,71.3451975751688
246,3,stable,19.0,114.48505904582804,79.17614024176657,5.93520169618807,98.01383142520191,70.56915875805235
246,4,stable,19.0,116.42173190904846,77.5243910549611,6.434355038059506,97.98865643784251,69.83890221162295
247,1,improving,21.0,120.0,80.0,6.9,98.0,76.0
247,2,improving,21.0,120.30637685468835,78.71839077381273,7.609919677542571,98.06452401609663,74.75496492924684
247,3,improving,21.0,116.70898684795995,77.91463756181865,6.80172086212853,98.1020515859045,74.26213509446244
247,4,improving,21.0,114.96007691677377,77.63955294112768,7.25704521209965,98.0376036728479,73.23573438563794
248,1,improving,23.0,100.0,85.0,6.9,98.0,66.0
248,2,improving,23.0,100.5391139554217,82.27223070299154,6.507838920114557,97.93805457482637,65.50740896174621
248,3,improving,23.0,93.59999017572821,76.57207681825376,5.67528052689144,97.7572507000325,63.88432411398108
248,4,improving,23.0,93.06815145121746,74.21430452977603,5.3774615690685446,97.5498534498941,62.46604022131478
249,1,stable,31.0,120.0,60.0,6.1,98.0,76.0
249,2,stable,31.0,121.91433229883789,58.236836943231474,6.179764236420606,98.22527996347911,75.98021716493807
249,3,stable,31.0,119.68391852056764,57.81400711739386,6.225244429816216,98.20979221282495,75.9449695592176
249,4,stable,31.0,115.03945191310444,55.471561910346,6.151562410006537,98.19285990793993,75.30848393209193
250,1,improving,19.0,120.0,80.0,7.0,98.0,70.0
250,2,improving,19.0,120.28769873192921,77.81187665068116,6.802197484343843,97.86254816747237,69.7437998161906
250,3,improving,19.0,118.92255907490866,77.97203439306621,6.7594988684945045,97.84090336331441,68.73383761245306
250,4,improving,19.0,117.13658315215528,78.61325160199624,6.043045141390278,97.6945577888771,68.0384693988938
251,1,improving,55.0,100.0,70.0,6.8,101.0,80.0
251,2,improving,55.0,94.77423870501984,67.87137076271199,6.358900921950414,100.69107358053597,78.85381629698409
251,3,improving,55.0,91.69395149469165,65.53461365861467,6.662793082102399,100.48454771002149,77.02748548856076
251,4,improving,55.0,80.7147941907638,62.41765737791991,6.0728624416987,100.35033578172654,77.37336311830234
252,1,stable,27.0,140.0,90.0,15.0,98.0,90.0
252,2,stable,27.0,140.25051353246502,89.09815781506781,15.5063220773389,97.99797573536742,89.08013602163703
252,3,stable,27.0,134.728273509767,88.02427219874718,15.878663307983201,98.23121540769256,89.149395722541
252,4,stable,27.0,132.26564853435573,85.1408022229852,16.150997904968957,98.05042407226378,89.76807001143467
253,1,stable,35.0,85.0,60.0,19.0,98.0,86.0
253,2,stable,35.0,86.4037824991973,59.46547980359893,19.278741770811934,98.01751325811105,85.12526664940705
253,3,stable,35.0,92.35771045798808,58.609710431542986,19.661498027741356,97.7697174243007,86.56022030608904
253,4,stable,35.0,97.08363744107957,58.682307355774626,19.937195708061175,97.8269393369109,85.83763066761519
254,1,worsening,14.0,90.0,65.0,7.0,101.0,70.0
254,2,worsening,14.0,90.61534798783212,69.68898382805548,7.875616269045509,101.00959217047723,70.0746706173005
254,3,worsening,14.0,91.11215980347093,73.418477439068,7.776943759661464,101.12810158924633,71.81356926135793
254,4,worsening,14.0,93.40231711708915,77.82304922534352,8.0215171679698,101.18815421571271,71.61431667289179
255,1,stable,19.0,120.0,80.0,7.0,98.0,70.0
255,2,stable,19.0,117.53362671385878,80.85112755015771,6.964812645871344,97.89213854445016,69.31527244740468
255,3,stable,19.0,121.98318727282242,81.34183686846286,6.466897773924972,97.92342053847905,69.15101733844962
255,4,stable,19.0,133.09700401334578,82.03565136203335,6.279097439110673,98.06890756567458,67.08140367473234
256,1,stable,12.0,90.0,60.0,7.5,102.0,66.0
256,2,stable,12.0,96.41731760683983,59.71724305041704,6.644789103949048,101.95943676392984,67.63510661288018
256,3,stable,12.0,97.62736752755777,57.675987839838996,6.306690239386818,101.90209343458389,68.04114973654306
256,4,stable,12.0,101.93317725110236,60.23693236208485,6.531686692297211,101.76566158349523,66.54834512776858
257,1,worsening,40.0,140.0,100.0,18.0,98.0,77.0
257,2,worsening,40.0,138.24488002948095,101.39781340098124,18.544787932467706,97.9654122667807,76.74789393077012
257,3,worsening,40.0,140.51613183556321,104.57008920848112,19.463261466293126,98.10957001098127,77.7300210929167
257,4,worsening,40.0,140.68925679655305,103.91086969445621,19.605914737703976,98.23353231422332,79.00776456995006
258,1,stable,24.0,120.0,80.0,7.5,98.0,66.0
258,2,stable,24.0,117.47198807064933,82.93102391222433,7.539084711927265,97.85482228081953,68.64831283237606
258,3,stable,24.0,117.37886450725696,83.8662542671734,7.736210263583105,97.81716078775146,67.83040579719118
258,4,stable,24.0,124.20561325957686,86.3074348050725,8.141754154777427,97.87620371237132,66.70251954648755
259,1,stable,15.0,100.0,49.0,6.0,99.0,77.0
259,2,stable,15.0,97.28711755493362,49.689344270436344,5.191124868724751,98.79090658473174,77.35780927814174
259,3,stable,15.0,94.68374170721671,44.8489447983707,5.457861647576055,99.00811657400804,78.91989314634984
259,4,stable,15.0,93.8557899405457,44.87046878583357,5.895855996935227,99.12308267269783,78.53370506906612
260,1,stable,28.0,120.0,80.0,9.0,102.0,76.0
260,2,stable,28.0,120.96726490695035,81.34779125044697,8.93434007117971,101.98769682969169,77.551148149087
260,3,stable,28.0,124.85904569544395,82.50951232461044,9.78254864563547,101.94810405520155,79.37562508485131
260,4,stable,28.0,126.60465548645324,90.46916004034038,9.194177952456048,101.87747812580945,79.8464195879563
261,1,improving,29.0,130.0,70.0,7.5,98.0,78.0
261,2,improving,29.0,125.27532486940186,70.25530656633649,7.6788392800988285,97.99023082345558,76.02036366490188
261,3,improving,29.0,127.2308631562199,71.30001702757151,7.5799542635912935,97.92920407662572,75.37521897681215
261,4,improving,29.0,124.403423272395,70.91258684661099,7.200596128785128,97.76030669445637,73.29711177026306
262,1,stable,22.0,120.0,85.0,7.8,98.0,88.0
262,2,stable,22.0,120.71473765791104,84.93440622181218,7.906250647564153,98.05131012782738,87.29479280044647
262,3,stable,22.0,125.43067850464993,84.28296419922695,7.692397733108133,98.1007323530882,85.23026703179707
262,4,stable,22.0,122.88703722768776,86.67028657737576,6.835153592305423,98.21523189605185,86.92902175538214
263,1,stable,42.0,130.0,80.0,18.0,98.0,70.0
263,2,stable,42.0,130.93894326886107,82.72316350460896,17.769686171362892,98.08890675962986,69.24552339521264
263,3,stable,42.0,129.40219947772093,80.77807458613333,17.93874833119805,98.20754490253674,69.03855155688258
263,4,stable,42.0,125.31179982772458,78.14343806449472,18.133443722269025,98.39648133922687,69.48116026430758
264,1,stable,32.0,120.0,80.0,7.5,98.0,70.0
264,2,stable,32.0,122.46529062017486,79.41720894409188,7.313354038697556,97.90180237710157,71.58331760368692
264,3,stable,32.0,114.29507859210327,81.35870311861024,7.084542243413922,97.85976147606833,73.48574550414877
264,4,stable,32.0,111.99727446235433,79.70383682095567,7.020205713847648,97.90216164660039,72.98903024093343
265,1,worsening,48.0,120.0,80.0,11.0,98.0,88.0
265,2,worsening,48.0,119.78860806790803,85.06467501551563,11.431614948823302,98.12817844451385,88.60544711093975
265,3,worsening,48.0,120.24069141436715,91.09354157770366,11.733481143249353,98.16471649801693,90.73700879314868
265,4,worsening,48.0,120.49050645529631,91.59304783909815,12.133256932227253,98.24670708210255,91.92817828933248
266,1,worsening,20.0,110.0,60.0,7.0,100.0,70.0
266,2,worsening,20.0,104.92241837362866,62.74071269300794,7.413410066925855,100.08641452403423,71.1758089718779
266,3,worsening,20.0,107.40424031823233,64.55939105998112,8.110606210970781,100.11283928484546,71.00978634635142
266,4,worsening,20.0,119.70772480316752,64.76414182637028,8.554736807393052,100.04156636086263,72.04004071497948
267,1,improving,15.0,120.0,80.0,6.6,99.0,70.0
267,2,improving,15.0,116.00219134782846,80.596335319325,6.4381694906435145,98.97627271311052,67.10956212578017
267,3,improving,15.0,119.33852837246314,75.74933228900082,6.797641463930401,98.99897068830616,66.85924917253574
267,4,improving,15.0,114.0134124297762,74.17150434825538,6.170568722144446,98.91998298713344,65.67902794105595
268,1,worsening,39.0,90.0,70.0,9.0,98.0,80.0
268,2,worsening,39.0,92.31312564677565,70.76700022756236,9.118254565531796,98.11868839885517,79.89460315759051
268,3,worsening,39.0,87.63092031460016,73.70440507292359,9.769100106962366,98.18019830296083,79.50350571098329
268,4,worsening,39.0,90.49117913716913,72.08734567020176,9.656984509499663,98.1852494787601,81.35155129741997
269,1,stable,30.0,90.0,65.0,8.0,98.0,77.0
269,2,stable,30.0,88.55893504456532,69.75650857985623,8.173905028774916,98.03473122108855,76.58439832559311
269,3,stable,30.0,86.64003626571593,64.4361520997443,8.651881696997275,98.08066218169603,76.38298762317699
269,4,stable,30.0,86.19849256927813,66.2274704129062,7.884787602867759,98.02022669289265,75.10560482486862
270,1,improving,17.0,70.0,50.0,7.9,98.0,70.0
270,2,improving,17.0,70.24343092665984,42.693309460374806,6.758389799004108,97.90447779326284,68.5695774499418
270,3,improving,17.0,63.407971353199876,45.478950353942345,6.517876947391148,97.87116154230287,66.89231842577932
270,4,improving,17.0,63.157878915616145,42.60650954226152,5.9833553250925915,97.85179800538477,64.16174385093169
271,1,improving,30.0,120.0,75.0,6.8,98.0,70.0
271,2,improving,30.0,121.54749681281895,70.43639212159539,5.949790168122175,97.79899618358236,69.38204829006541
271,3,improving,30.0,119.18570831407024,67.35959839612322,5.054728260246363,97.58726587607894,68.42821918825024
271,4,improving,30.0,115.11352806529358,63.74455288398557,5.423342281935009,97.49686839985286,68.95662123481046
272,1,stable,32.0,120.0,90.0,7.5,98.0,70.0
272,2,stable,32.0,120.78759763007153,89.86500580259091,6.662392995168446,98.14633845673376,69.84806612885488
272,3,stable,32.0,123.18928954115837,88.03503457055079,6.581058762021186,98.05752627826674,71.2375224544318
272,4,stable,32.0,124.19128720297442,88.9282150760058,7.251186946063029,98.1759976516827,72.09788761094082
273,1,stable,20.0,100.0,90.0,7.0,98.0,88.0
273,2,stable,20.0,97.76156734909709,87.55715924908564,7.358965191854082,98.01748391237902,86.43684573755966
273,3,stable,20.0,97.15425975969175,83.92141700927857,7.3327377757145555,97.84788497598514,87.03133085713638
273,4,stable,20.0,98.37040073503604,88.5641796468686,7.75107853532329,97.80455587162915,87.95097006520743
274,1,stable,19.0,90.0,70.0,7.5,98.0,80.0
274,2,stable,19.0,86.90312668407233,70.81066218836824,6.435119416399432,97.99619274236755,78.85306389550055
274,3,stable,19.0,87.22909452421598,68.1881206922208,6.64444348673406,97.99817290724847,80.42729501994569
274,4,stable,19.0,87.25076371134375,66.31772109339963,6.522629982590453,97.86045099713648,80.88385705094532
275,1,stable,15.0,120.0,80.0,7.5,98.0,70.0
275,2,stable,15.0,127.94494023890377,78.48683708498727,7.36787013253267,97.94101144417391,70.23844909835114
275,3,stable,15.0,129.17307621560713,78.35695583590535,7.903863440585505,97.87779964902714,71.34706354090127
275,4,stable,15.0,130.90575891976644,78.3276824761502,7.748473672851373,98.12642059076131,70.42861756086526
276,1,improving,32.0,120.0,90.0,7.8,98.0,70.0
276,2,improving,32.0,115.01198054457474,92.39838926600444,7.842840118675552,97.8485376756799,69.67691165486981
276,3,improving,32.0,113.26705020217456,89.1945416391226,7.822198339579093,97.80646051861488,69.02006528381378
276,4,improving,32.0,110.5580705616862,88.2967572266827,7.540658158881953,97.7305519346657,67.40013717900783
277,1,stable,42.0,120.0,80.0,7.8,98.0,70.0
277,2,stable,42.0,116.62014536244166,81.04060118311286,7.641993188072394,98.18027202017345,68.9843437966143
277,3,stable,42.0,114.25434589259825,78.68066584676973,7.801590874186294,98.03959798401732,68.44640264759003
277,4,stable,42.0,107.32884561610335,79.26570222700589,7.554784816522029,97.88714115604857,69.66679803893037
278,1,worsening,39.0,90.0,70.0,9.0,98.0,80.0
278,2,worsening,39.0,90.31841325185387,75.84393441630048,9.764548379499953,97.97868473861064,79.86838083132628
278,3,worsening,39.0,94.84086250004587,77.15217241989126,10.075714844977398,98.19099315020023,79.92606259264139
278,4,worsening,39.0,97.70870922019759,81.42184761901356,10.869653562860599,98.25660316257328,80.50061261573424
279,1,improving,32.0,120.0,90.0,7.5,98.0,70.0
279,2,improving,32.0,114.02730471119574,88.8279852441529,7.037248841064208,97.92571364089534,70.268958616017
279,3,improving,32.0,107.63284955159656,86.30656539986056,6.735638773764353,97.77160698214362,70.97883802334592
279,4,improving,32.0,107.98224086631197,85.06586632050953,7.226192825818576,97.53607679581778,70.07082688395695
280,1,stable,19.0,120.0,85.0,9.0,98.0,60.0
280,2,stable,19.0,117.05730728383253,85.7317525835733,8.454012095020243,98.07075010996995,61.189172341624364
280,3,stable,19.0,117.9335733092389,81.22319247265418,7.976996082086072,98.12860670459457,61.213002944762366
280,4,stable,19.0,109.26529040138006,84.24747037701377,8.044422414935402,98.04468952492233,62.331489227703706
281,1,improving,40.0,160.0,100.0,19.0,98.0,77.0
281,2,improving,40.0,158.5789456397057,102.3872388172383,19.406357989932022,97.95489084099654,76.62046848078073
281,3,improving,40.0,158.55159241397988,97.38181703177654,19.329460765040345,97.79771943219245,76.07916223702412
281,4,improving,40.0,155.24558965946304,96.65474351792936,18.993012951484523,97.40091338825343,75.3809390174373
282,1,worsening,16.0,90.0,65.0,6.9,98.0,76.0
282,2,worsening,16.0,94.00892684193813,66.69707302013856,8.104962805108771,98.11386422100269,77.39133908328606
282,3,worsening,16.0,99.94380509850699,69.52610292348079,8.056600836491091,97.9460105915857,77.75430587599969
282,4,worsening,16.0,104.96633823683169,70.61358912257396,8.84662239375294,98.04321124532099,80.10161993018994
283,1,stable,32.0,120.0,90.0,6.9,98.0,70.0
283,2,stable,32.0,121.50460789532193,91.2310103153883,7.640890503106716,97.82514879806978,69.48467713702152
283,3,stable,32.0,124.23481224073645,94.99276302670397,7.759341809691272,97.79516019136985,70.33579703824762
283,4,stable,32.0,127.02996934350567,94.11756969223386,7.922315468128601,97.91610950495745,72.46096971691975
284,1,stable,39.0,90.0,70.0,9.0,98.0,80.0
284,2,stable,39.0,90.14202229835465,69.86841457837811,9.275019512972174,97.98814889639225,80.21318569126647
284,3,stable,39.0,86.73817603545942,73.02464689370801,8.712452262938346,97.94387747422014,80.32289583696266
284,4,stable,39.0,93.14441982578371,71.99609880844235,8.383839998611913,97.88744427679627,82.18775667228168
285,1,worsening,35.0,140.0,90.0,13.0,98.0,70.0
285,2,worsening,35.0,151.36235331001328,93.38454384204736,12.849026997641007,98.0776682611393,70.97515510802153
285,3,worsening,35.0,156.65896261527834,99.8074537493541,13.435458507324912,98.10432789632108,72.75928716647503
285,4,worsening,35.0,156.98634700715388,99.23965508387423,12.961839380948739,98.02593770825194,72.65086767072572
286,1,worsening,42.0,120.0,90.0,9.0,98.0,70.0
286,2,worsening,42.0,123.5819746793386,89.02810380846904,7.843634829398056,97.97501035117796,70.36888126847143
286,3,worsening,42.0,124.20796474628186,94.67238747525394,7.935632947923432,98.1472270763147,71.24686743301173
286,4,worsening,42.0,126.64594196006917,94.58629380776574,8.301349656320632,98.15080310511787,72.33732703971857
287,1,stable,29.0,130.0,70.0,6.7,98.0,78.0
287,2,stable,29.0,126.96054409383449,72.41365529355603,6.910603132397037,97.95409434253304,78.16355702482636
287,3,stable,29.0,126.69083487913021,70.30247734389776,6.945385978328826,97.89046942859389,77.10130305488735
287,4,stable,29.0,121.46938252418424,69.42984958251957,7.225129354307488,97.81929905020151,79.93497533369555
288,1,stable,23.0,90.0,60.0,7.5,98.0,76.0
288,2,stable,23.0,94.19684172572569,61.935127995926116,8.414203750336036,97.91936878314982,73.12132918586617
288,3,stable,23.0,92.76137801821238,63.293485601070145,8.488962238237267,97.94759195449842,74.60623938949692
288,4,stable,23.0,93.99069499095087,65.23754389396501,8.02538189433969,97.83536488525803,76.42075682768497
289,1,stable,13.0,90.0,65.0,7.9,101.0,80.0
289,2,stable,13.0,87.99468387927097,63.48791141484959,7.579722591630724,100.9273645686233,78.55754043727327
289,3,stable,13.0,83.16689772874714,63.013391771422384,7.287172912269368,101.04079706600834,78.88700460364522
289,4,stable,13.0,84.02058981362813,61.20509784972834,7.227457480708063,101.0777829426406,79.69212104575458
290,1,improving,17.0,85.0,60.0,6.3,102.0,86.0
290,2,improving,17.0,82.45160873588341,59.98259432525929,5.663586800754052,101.73233081548847,85.40235204384535
290,3,improving,17.0,82.21132977594354,59.43592914118553,5.477173664496068,101.6146539014932,83.59611702511236
290,4,improving,17.0,81.4124851171378,58.52693396374887,4.805705926961888,101.64635553556958,81.70431200521006
291,1,stable,29.0,90.0,70.0,6.7,98.0,80.0
291,2,stable,29.0,95.2653982609269,72.11358942982922,6.5233581752973535,98.02944319938761,80.1740107826209
291,3,stable,29.0,86.43104985270263,69.9077943576671,6.498270449703778,97.99290705602131,80.45179285643242
291,4,stable,29.0,90.06529733403633,69.12537578984676,5.976423475285972,98.02618929046496,80.0846169551383
292,1,improving,19.0,120.0,80.0,7.0,98.0,70.0
292,2,improving,19.0,116.48708453108698,83.50853845934455,5.499716235847545,97.87825086766475,69.09652736952617
292,3,improving,19.0,111.39956518320912,83.75145258689446,5.506257575756378,97.79139532229816,67.89292199076756
292,4,improving,19.0,108.46523253373076,81.54976334570463,5.072868242282031,97.69017121934142,67.2773890641311
293,1,stable,17.0,85.0,69.0,7.8,102.0,86.0
293,2,stable,17.0,81.0414875102152,66.44333606853952,6.937281042221111,102.08876556620407,86.28140267808833
293,3,stable,17.0,82.66724753861777,62.96482444481507,7.817974611457794,102.02638657525479,86.47049241076095
293,4,stable,17.0,85.41633467842117,60.563128198691814,7.548418122340843,102.04474337551028,89.68274072274389
294,1,worsening,12.0,120.0,95.0,6.8,98.0,60.0
294,2,worsening,12.0,126.45349864511655,97.84221160931571,6.706650788745024,98.19053852446487,59.215214384418275
294,3,worsening,12.0,134.17860799051851,100.27560396690663,5.793750319051536,98.23761534697725,60.84967998046293
294,4,worsening,12.0,135.990052532856,103.96218795989178,5.769068390066648,98.18577561178041,61.66868971824222
295,1,stable,23.0,120.0,85.0,8.0,98.0,70.0
295,2,stable,23.0,118.87903074189822,87.98646504396984,7.580507602319348,98.03208495597866,70.07640891772895
295,3,stable,23.0,113.87010677438903,84.7767641133922,7.586384498840193,98.23506610478447,70.72759912191033
295,4,stable,23.0,108.31766567363779,77.20776640524484,7.948073209559185,98.225208683369,72.01056123118131
296,1,worsening,40.0,160.0,100.0,19.0,98.0,77.0
296,2,worsening,40.0,163.70094938665378,104.00576466072789,19.17394147357777,98.03830889388243,77.92772497452384
296,3,worsening,40.0,168.02117474547106,105.91758814139138,20.04923143102104,98.07294486384956,77.33372581443282
296,4,worsening,40.0,176.95643262565036,106.3929883902918,20.16348212837272,98.14816598510785,78.3085735145171
297,1,stable,35.0,100.0,70.0,7.0,98.0,60.0
297,2,stable,35.0,99.94390430434329,69.90324340352706,7.086255872152228,97.75846683169914,62.11440023498807
297,3,stable,35.0,99.4699861416978,71.31611854848414,6.4063005425334065,97.7102111411179,61.35861165897292
297,4,stable,35.0,104.19900210608303,69.89061176153808,6.780337278339426,97.64357319907373,60.84979691724926
298,1,stable,24.0,120.0,80.0,7.5,98.0,66.0
298,2,stable,24.0,124.13092871407989,75.40127139359836,6.850851479907647,97.80049150016698,64.77747689786597
298,3,stable,24.0,121.51950628799784,71.47262590252872,6.488622913695946,97.59407667070677,63.63309776526168
298,4,stable,24.0,125.38200574009542,72.45470881525517,6.58111948051813,97.49133835883201,61.90629713182042
299,1,improving,13.0,90.0,65.0,7.9,101.0,80.0
299,2,improving,13.0,90.21936712701628,65.24909876825278,7.816424123952459,100.84247170460851,79.12827227900229
299,3,improving,13.0,86.61131039272006,62.812824181543625,8.426823142954634,100.57998545804462,77.96513311106678
299,4,improving,13.0,87.93616285987731,57.29905040271337,7.7144780295390385,100.44382062803139,76.81479482422121
